ICV2,O=C(/C=C/[C@@H](NC([C@H](CC(C)C)NC([C@@H](NC([C@@H](NC(OC(C)(C)C)=O)[C@H](O)C)=O)C(C)C)=O)=O)C[C@@H]1CCNC1=O)OCC
ICV275,OC1=C2C(=CC3=C1CCC(CCCC(C)(C)O)(C)O3)O[C@@H](CC2=O)C4=CC(O)=C(O)C=C4
ICV716,C(C=C(C)C)C1=C(OC)C=C(O)C(C(/C=C/C2=CC=C(O)C=C2)=O)=C1
ICV399,O=C1N([C@]2(C[C@H](N=[N+]=[N-])[C@@H](CO)O2)[H])C=C(C)C(=O)N1
ICV20,[C@H](CC1=CC=CC=C1)(C[C@@H]([C@H](CC2=CC=CC=C2)NC(OCC3=CN=CS3)=O)O)NC([C@@H](NC(N(CC=4N=C(C(C)C)SC4)C)=O)[C@@H](C)C)=O
ICV347,O=C(C1CCN([C@@H](C2=C3C=CC=CC3=CC=C2)C)CC1)NCCC4=CC=C(Cl)C=C4
ICV132,O=C1C(=O)N(C=2C(Br)=CC=CC12)CC=3SC=4C=CC=CC4C3
ICV18,[C@H]([C@H](C(NC1CCCCC1)=O)OC(=O)C2=CC=CC=C2)(NC(/C=C/C3=CC=CC=C3)=O)C4=CC=CC=C4
ICV694,C[C@@]1(O[C@]2(O[C@]([C@H]([C@H]([C@@H](C(O)=O)C)OC)C)([C@H](C)[C@@H](O)C2)[H])CC1)[C@@]3(O[C@@](CC)(CC3)[C@@]4(O[C@](C[C@@H]4C)([C@]5(O[C@](CO)(O)[C@H](C)C[C@@H]5C)[H])[H])[H])[H]
ICV368,C(/C=C/C1=CC(O)=C(O)C=C1)(=O)C2=CC(CC=C(C)C)=C(O)C=C2O
ICV144,O(C1=C(OC=2C(C1=O)=C(O)C=C(O)C2)C3=CC(O)=C(O)C=C3)[C@@H]4O[C@H](CO)[C@@H](O)[C@H](O)[C@H]4O
ICV714,O=C1C(=COC2=CC(O)=CC=C12)C=3C=CC(O)=C(C3)CC=C(C)C
ICV77,C(=C/C(N[C@@H](CC1=CC=CC=C1)C(N[C@@H](CC2=CC=CC=C2)/C=C/C(OCC)=O)=O)=O)\C3=CC=C(C=C3)C4=CC=CC=C4
ICV361,O=C1C=2C(C3=C(C1=O)C(C)=CO3)=CC=C4C2CCC[C@@]4(CO)C
ICV617,C(OC1=CC=C(Cl)C=C1)(=O)N2[C@](C3=C(C=4C(N3)=CC=C(Cl)C4)CC2)(C5=CC=C(OC)C=C5)[H]
ICV113,O=C(C1=NC2=CC=CC=C2S1)[C@H](C[C@H]3C(NCC3)=O)NC([C@H](CC(C)C)NC(C4=CC(C=C(Cl)C=C5)=C5N4)=O)=O
ICV262,O=C(C1=C(N2C)C=CC(S(=O)(N3CCC(C)CC3)=O)=C1)C2=O
ICV676,O=C(C)N[C@H](C(N[C@@H](CN)C(NCC(NC/C=C/C(OC)=O)=O)=O)=O)CCC1=CC=C(O)C=C1
ICV303,[C@@H](NC(=O)C1=CC(OC)=CC=C1)(C)C2=CC3=C(C=C2)C=CC=C3
ICV371,OC1=CC=C2C(OC(C3=CC(O)=C(O)C(=C3)CC=C(C)C)CC2)=C1
ICV248,O=C(C1=C(N2)C=CC(S(=O)(N3CCN(CC4=CC(Cl)=CC=C4)CC3)=O)=C1)C2=O
ICV320,[C@H](C)(C1=CC2=C(C=C1)C=CC=C2)N3CCC(C(NCC4=CC(OC)=CC=C4)=O)CC3
ICV340,O=C(NCC=1C=CC=C(F)C1)C2CCN(CC2)C(C3=CC=CC4=CC=CN=C43)C
ICV431,FC1=CC=C(C=C1)CN2C(=NC=3C=CC=CC32)NC4CCN(CCC5=CC=C(OC)C=C5)CC4
ICV154,C([C@@H]1/C(=C\C=2C=C3C(=CC2)OCO3)/C(=O)OC1)C=4C=C5C(=CC4)OCO5
ICV17,O(C)C1=C(OC)C(OC)=CC(/C=C/C(N[C@@H](C(NC2CCCCC2)=O)COC(=O)C3=CC=CC=C3)=O)=C1
ICV142,O=C(C1=O)C2=C(C=CC(S(=O)(N3CCC(C)CC3)=O)=C2)N1CC4=CC5=C(C=CC=C5)C=C4
ICV772,O=C1[C@H](C[C@H](NC([C@H]2N(C(COC3=CC=C4C(OCCO4)=C3)=O)C[C@]([H])(CCC5)[C@@]25[H])=O)C([H])=O)CCN1
ICV234,O=C(N(C(C=C1)=CC=C1NC(OCC(C)C)=O)CC2=CSC=C2)CN3C4=CC=CC=C4N=N3
ICV224,O=C(CN1C2=CC=CC=C2N=N1)N(C(C=C3)=CC=C3NC(CC)=O)C(C4=CSC=C4)C(NC(C)(C)C)=O
ICV365,O=C1C(=O)C(=CC=2C=CC3=C(C21)CCCC3(C)C)C(C)C
ICV626,O=C(OC1CCC(CC1)CCC)N[C@@H](CC(C)C)C(N[C@H](C(O)S(=O)(O)=O)C[C@H]2C(NCC2)=O)=O
ICV625,O=C(OC1CCC(CCC)CC1)N[C@@H](CC(C)C)C(N[C@H](C=O)C[C@H]2C(NCC2)=O)=O
ICV76,[C@@H](CC1=CC=C(F)C=C1)(NC([C@@H](NC(=O)C=2C=C(C)ON2)C(C)C)=O)C(N[C@@H](CC3=CC=CC=C3)/C=C/C(OCC)=O)=O
ICV96,CC(N[C@@H](CO)C(N[C@@H](C)C(N[C@H](C(N[C@@H](CC1=CC=CC=C1)C(N[C@H](C=O)CC2=CN=CN2)=O)=O)C(C)C)=O)=O)=O
ICV773,O=C1[C@H](C[C@H](NC([C@H]2N(C(COC3=CC=C(Cl)C=C3)=O)C[C@]([H])(CCC4)[C@@]24[H])=O)C([H])=O)CCN1
ICV323,O=C(NCC1=CC=C2OCOC2=C1)C3CCN(CC3)C(C4=CC=CC=5C=CC=CC54)CO
ICV618,N(=CC1=CC=CC(=C1)C)NC2=NC(=NC(=C2)N3CCOCC3)OCCC4=NC=CC=C4
ICV707,C(=C/C(O[C@H](CC1=CC(O)=C(O)C=C1)C(O)=O)=O)\C2=C3C(OC(=C3)C4=CC(O)=C(O)C=C4)=C(O)C=C2
ICV350,S=C1N=C(N)NC=2N=CNC12
ICV42,C(C1(OC(N[C@H](C(N[C@@H](C[C@H]2C(=O)NCC2)C=O)=O)CC(C)C)=O)CCN(S(C)(=O)=O)CC1)C3=CC=CC=C3
ICV726,[C@@H](C[C@H]1C(=O)NCC1)(NC([C@H](CC2=CC=CC=C2)NC(OCC3=CC=CC=C3)=O)=O)C(S(=O)(=O)O)O
ICV427,ClCC/C(C1=CC=CC=C1)=C(C2=CC=C(C=C2)OCCN(C)C)/C3=CC=CC=C3
ICV6,[C@H](CC1=CC=CC=C1)(C(N[C@@H](C[C@H]2C(=O)NCC2)C=O)=O)NC(/C=C/C3=CC=C(N(C)C)C=C3)=O
ICV181,O=C1OC(C(=O)CC=2SC=3C=CC(Cl)=CC3C2C)C(Cl)=C1Cl
ICV91,[C@H](CC1=CC=CC=C1)(C(NC2=C(Cl)C=C(N(=O)=O)C=C2)=O)NC([C@@H](NC([C@@H](NC(CC)=O)C(C)C)=O)CC(C)C)=O
ICV630,O=C(OC1CCC(F)(CC1)F)N[C@@H](CC(C)C)C(N[C@H](C(O)S(=O)(O)=O)C[C@H]2C(NCC2)=O)=O
ICV633,[C@H](C(N[C@@H](C[C@H]1C(=O)NCC1)C=O)=O)(NC(OC2CCC(CC)CC2)=O)CC(C)C
ICV397,C(#N)[C@]1(O[C@H](COP(OC2=CC=CC=C2)(N[C@H](C(OCC(CC)CC)=O)C)=O)[C@@H](O)[C@H]1O)C=3N4C(=CC3)C(N)=NC=N4
ICV47,[C@@H](CC1=CC=C(F)C=C1)(CC([C@@H](NC(=O)C=2C=C(C)ON2)C(C)C)=O)C(N[C@@H](C[C@H]3C(=O)NCC3)/C=C/C(OCC)=O)=O
ICV678,O=C(OC(OC(=O)C1=CC=CC=2N=C(OCC)N(C21)CC=3C=CC(=CC3)C=4C=CC=CC4C5=NN=NN5)C)OC6CCCCC6
ICV63,[C@H](CC1=CC=CC=C1)([C@H](C[C@H](CC2=CC=CC=C2)NC(COC3=C(C)C=CC=C3C)=O)O)NC([C@@H](NC(CSC4=CC=CC=N4)=O)CC(C)C)=O
ICV261,O=C(C1=C(N2CC3=CC=CC=C3)C=CC(S(=O)(N4CCOCC4)=O)=C1)C2=O
ICV642,O(C(N[C@H](C(N[C@@H](C[C@H]1C(=O)NCC1)C(S(=O)(=O)O)O)=O)CC(C)C)=O)C2(CC)COCOC2
ICV74,C(N[C@@H](CC1=CN=CN1)C=O)[C@@H]2[C@@H](NC(CNC([C@@H](NC(C)=O)[C@@H](C)O)=O)=O)[C@@]3([C@@](CN2C(=O)C4=CC=C(Br)C=C4)(CCCC3)[H])[H]
ICV423,FC(F)(C1=CC=C2SC3=C(N(CCCN(C)C)C2=C1)C=CC=C3)F
ICV5,[C@H](CC1=CC=CC=C1)(C(N[C@@H](C[C@H]2C(=O)NCC2)C=O)=O)NC(/C=C/C3=CC(Br)=CC=C3)=O
ICV128,C(CC1=CC=CC=C1)(NC([C@@H](NC([C@@H](NC([C@@H](NC(OCC2=CC=CC=C2)=O)C)=O)C(C)C)=O)CC(C)C)=O)C(C(F)(F)F)=O
ICV324,[C@@H](C)(C=1C2=C(C=CC1)C=CC=C2)N3CCC(C(NCC4=CC=CC=C4)=O)CC3
ICV159,O=C(O)C1=CC=C(C=C1)C=C2C(=O)N(N=C2C=3C=CC=CC3)C=4C=CC=C(C4)N(=O)=O
ICV680,N(CC1=CC=C(C=C1)C2=CC=CC=N2)(C[C@@H]([C@H](CC3=CC=CC=C3)NC([C@@H](NC(OC)=O)[C@](C)(C)C)=O)O)NC([C@@H](NC(OC)=O)[C@](C)(C)C)=O
ICV233,O=C(N(C(C=C1)=CC=C1NC)CC2=CSC=C2)CN3C4=CC=CC=C4N=N3
ICV407,O=C(NCC1=CC=C(C=C1)N2CCN(C)CC2)C=3ON=CC3
ICV293,C(=C/C(CC(/C=C/C1=CC(OC)=C(O)C=C1)=O)=O)\C2=CC(OC)=C(O)C=C2
ICV58,[C@H](CC1=CC=CC=C1)(C(N[C@@H](CC2=CC=CC=C2)/C=C/C(OCC)=O)=O)NC(/C=C/C3=C(OC)C=C(OC)C=C3)=O
ICV756,O=C1[C@H](C[C@H](NC([C@H]2N(C(COC3=CC=C(Br)C=C3Cl)=O)C[C@@]4([H])[C@]2([H])C4(C)C)=O)C([H])=O)CCN1
ICV241,O=C(C1=C(N2)C=CC(I)=C1)C2=O
ICV727,CC(C)C[C@@H](C(N[C@@H](CC(C)C)C(N[C@@H](C[C@@H]1CCNC1=O)C(C(NC2CC2)=O)=O)=O)=O)NC(OCC3=CC=CC=C3)=O
ICV169,O=C(ON1N=NC=2C=CC=CC21)C3=CC=C(C=C3)N(CC)CC
ICV119,O=C(C1=NC2=CC=CC=C2S1)[C@H](C[C@H]3C(NCC3)=O)NC([C@H](CC(C)C)NC(C4=C(CC)C(C=C(OC)C=C5)=C5N4)=O)=O
ICV192,O=C1N(C2=CC=CC=C2C1=O)CC3=CC4=CC=CC=C4S3
ICV417,C(=N/NC(N)=S)(\C)/C1=CC=CS1
ICV390,O=C(O)C1=C(I)N=C(C(O)=C1C23OC4(O)CC(O)(O2)CC(O)(O3)C4)C
ICV65,[C@H](CC1=CC=CC=C1)([C@H](C[C@H](CC2=CC=CC=C2)NC(COC3=C(C)C=CC=C3C)=O)O)NC([C@@H](NC(=O)C4=CC=C(C(F)(F)F)C=C4)CC(C)C)=O
ICV757,O=C1[C@H](C[C@H](NC([C@H]2N(C(COC3=CC=C(Cl)C=C3)=O)C[C@@]4([H])[C@]2([H])C4(C)C)=O)C([H])=O)CCN1
ICV227,O=C(N(C1=CC=C(C(C=N2)=CN=C2OC)C=C1)CC3=CSC=C3)CN4C5=CC=CC=C5N=N4
ICV186,O=C(NC(=CC=1OC(=CC1)C=2C=CC=CC2N(=O)=O)C(=O)NCCCN(C)C)C3=CC=C(C=C3)C
ICV370,O=C1C(O)=C(OC2=CC(O)=C(C(O)=C12)CC=C(C)C)C=3C=C(O)C(O)=C(C3)CC=C(C)C
ICV15,C(=O)(N1[C@H](CN[C@@H](CC2=CN=CN2)C=O)C[C@@]3([C@@](C1)(CCCC3)[H])[H])C4=CC=C(F)C=C4
ICV745,O[C@H]1[C@@](O[C@H](COC(C(C)C)=O)[C@H]1O)(N2C(=O)NC(=NO)C=C2)[H]
ICV69,[C@@H](CC1CCCCC1)(NC([C@@H](NC(OCC2=CC=CC=C2)=O)[C@H](OC(C)(C)C)C)=O)C(N[C@@H](C[C@H]3C(=O)NCC3)C=O)=O
ICV341,O=C(NCC=1C=CC=C(F)C1)C2CCN(CC2)C(C3=CC=CC4=NC=CC=C43)C
ICV669,O=N(=O)C1=CC(=CC(=C1S(=O)(=O)C2=CC(=C(Cl)C=C2Cl)C)N(=O)=O)C(F)(F)F
ICV796,C([C@H]([C@H](CC1=CC=CC=C1)NC([C@@H](NC(=O)C2=NC3=C(C=C2)C=CC=C3)CC(N)=O)=O)O)N4[C@H](C(NC(C)(C)C)=O)C[C@]5([C@@](C4)(CCCC5)[H])[H]
ICV629,O=C(OC1CCC(F)(F)CC1)N[C@@H](CC(C)C)C(N[C@H](C=O)C[C@H]2C(NCC2)=O)=O
ICV794,O=C(OC1C2=NC=CN=C2C(=O)N1C3=NC=C(Cl)C=C3)N4CCN(C)CC4
ICV148,O=C1C=C(OC=2C=C(O)C=C(O)C12)C=3C=CC(OC)=C(C3)C4=C(O)C=C(O)C=5C(=O)C=C(OC54)C=6C=CC(O)=CC6
ICV25,C(=C/1\C(=NN(C1=O)C2=CC=C(C(C)(C)C)C=C2)C3=CC=CC=C3)\C=4OC(=CC4)C5=C(C(O)=O)C=CC(Cl)=C5
ICV665,[C@@H](C[C@H]1C(=O)NCC1)(NC([C@@H](NC([C@@H](NC([C@@H](NC(=O)C=2C=C(C)ON2)C)=O)C(C)C)=O)CC(C)C)=O)/C=C/C(OCC3=CC=CC=C3)=O
ICV311,[C@@H](NC(=O)C1=C(C)C=CC(I)=C1)(C)C=2C3=C(C=CC2)C=CC=C3
ICV363,O=C1C(=O)C2=C(OC=C2C)C=3C=CC4=C(C=CC=C4C)C13
ICV273,C(N[C@@H](CC1=CC(F)=CC=C1)C(N[C@@H](C[C@H]2C(=O)NCC2)C=O)=O)(=O)C3=CC=4C(N3)=CC=CC4
ICV674,O(C)C1=C2C(NC(C(N[C@H](C(N[C@@H](C[C@H]3C(=O)NCC3)C(COP(=O)(O)O)=O)=O)CC(C)C)=O)=C2)=CC=C1
ICV355,O=C(O)C1=CC(=CC=C1NC(=O)C=2C=CC=CC2)C=3C=CC(NC(=O)C=4C=CC=CC4)=C(C3)C(=O)O
ICV213,O=[N+](O[Hg]C1=CC=CC=C1)[O-]
ICV400,C([C@H](OCP(OC1=CC=CC=C1)(N[C@H](C(OC(C)C)=O)C)=O)C)N2C=3C(N=C2)=C(N)N=CN3
ICV319,[C@@H](C)(C1=CC2=C(C=C1)C=CC=C2)N3CCC(C(NCC4=C(OC)C=CC=C4)=O)CC3
ICV105,[C@H](C[C@H]1C(=O)NCC1)(C(=O)C2=NC=CS2)NC([C@@H](NC([C@@H](NC(OCC3=CC=CC=C3)=O)[C@H](C)C)=O)CC(C)C)=O
ICV80,[C@@H](C(N[C@H](C(N[C@@H](C[C@H]1C(=O)NCC1)C=CC(OCC)=O)=O)CC(C)C)=O)([C@H](OC(C)(C)C)C)NC(OCC2=CC=CC=C2)=O
ICV197,CN1C(C(N=C1)=C2)=CC=C2NC(C(C=C3)=CC=C3Cl)=O
ICV760,O=C1[C@H](C[C@H](NC([C@H]2N(C(C3=CC=CN=C3)=O)C[C@]([H])(CCC4)[C@@]24[H])=O)C([H])=O)CCN1
ICV769,O=C1[C@H](C[C@H](NC([C@H]2N(C(CCC3=CC=C(N(C)C)C=C3)=O)C[C@]([H])(CCC4)[C@@]24[H])=O)C([H])=O)CCN1
ICV392,OC1=CC=C(C=C1OC)CC(C2=NC(=C(O)C(=C2CO)C34OC5(O)CC(O)(O3)CC(O)(O4)C5)C)C
ICV205,O=C(NCC1=CC=CC=C1)N(CCC(C=CC=C2)=C2C)CC3=CC(C(NC3=O)=C4)=CC(C)=C4C
ICV330,[C@@H](C)(C=1C2=C(C=CC1)C=CC=C2)N3CCC(C(NCC4=CC=C(C(NC)=O)C=C4)=O)CC3
ICV166,C(=O)(N1[C@H](C(N[C@H](C(NCC(N)=O)=O)CC(C)C)=O)CCC1)[C@H]2NC(=O)[C@H](CC(N)=O)NC(=O)[C@H](CCC(N)=O)NC(=O)[C@]([C@H](CC)C)(NC(=O)[C@H](CC3=CC=C(O)C=C3)NC(=O)[C@@H](N)CSSC2)[H]
ICV268,N=1C=CNC1SSC(C)CC
ICV765,O=C1[C@H](C[C@H](NC([C@H]2N(C(/C=C/C3=CC=C(N(C)C)C=C3)=O)C[C@]([H])(CCC4)[C@@]24[H])=O)C([H])=O)CCN1
ICV364,O=C1C=2C(C3=C(C1=O)[C@@H](C)CO3)=CC=C4C2C=CC=C4C
ICV174,O=C(ON1N=NC=2C=CC=CC21)C3=CC=C(C=C3)NC
ICV219,O=C(CN1C2=CC=CC=C2N=N1)N(C(C=C3)=CC=C3NC(C4CC4)=O)C(C5=CSC=C5)C(NC(C)(C)C)=O
ICV709,S=C=NCCC=1C=CC=CC1
ICV685,N(C([C@H](CC1=CC=CC=C1)C[C@@H](CN2[C@H](C(NC(C)(C)C)=O)CN(CC=3C=CC=NC3)CC2)O)=O)[C@H]4C=5C(C[C@H]4O)=CC=CC5
ICV246,O=C(C1=C(N2)C=CC(C(C)=O)=C1)C2=O
ICV60,[C@@](CC1=CC=CC=C1)([C@H]([C@@H]([C@H](CC2=CC=CC=C2)NC([C@@H](NC([C@@H](NC(OCC3=CC=CC=C3)=O)C)=O)[C@H](C)C)=O)O)O)(NC([C@@H](NC([C@@H](NC(OCC4=CC=CC=C4)=O)C)=O)[C@@H](C)C)=O)[H]
ICV100,CC(N[C@@H](CO)C(N[C@H](C(N[C@@H](CC1CCCCC1)C(N[C@H](C=O)CC2=CN=CN2)=O)=O)C(C)C)=O)=O
ICV747,O=C1[C@H](C[C@H](NC([C@H]2N(C(COC3=CC(C=CC=C4)=C4C=C3)=O)C[C@@]5([H])[C@]2([H])C5(C)C)=O)C([H])=O)CCN1
ICV79,[C@@H](C[C@H]1C(=O)NCC1)(NC([C@@H](NC([C@@H](NC(OCC2=CC=CC=C2)=O)C(C)C)=O)CC(C)C)=O)C=CC(OCC)=O
ICV281,OC1=C2C(O[C@@H](CC2=O)C3=CC(OC)=C(O)C=C3)=CC(O)=C1C/C=C(/CCC=C(C)C)\C
ICV177,O=S(=O)(O)C=1C=2SC(=NC2C=CC1C)C3=CC=C(N)C=C3
ICV187,O=C(NC(C)(C)C)[C@@H](C1=CN=CC=C1)N(C(C=C2)=CC=C2C(C)(C)C)C(C3=CC=CO3)=O
ICV208,O=C(C1=CC(B(O)O)=CC([N+]([O-])=O)=C1)OCC2=CC(B(O)O)=CC=C2
ICV768,O=C1[C@H](C[C@H](NC([C@H]2N(C(CCC3=CC(F)=CC(F)=C3)=O)C[C@]([H])(CCC4)[C@@]24[H])=O)C([H])=O)CCN1
ICV797,[C@@]([C@@H](C)C1=NC(=CS1)C2=CC=C(C#N)C=C2)(CN3C=NC=N3)(O)C4=C(F)C=CC(F)=C4
ICV218,[O-]C(CC1N[Zn+2](OC1=O)(NC2CC([O-])=O)OC2=O)=O
ICV706,C(=C/C1=CC(O)=C(O)C=C1)\C2=C(/C=C/C(O[C@H](CC3=CC(O)=C(O)C=C3)C(O)=O)=O)C=CC(O)=C2O
ICV623,O=C(N[C@H](C(N[C@@H](C[C@H]1C(NCC1)=O)C=O)=O)CC(C)C)OC2CCCCC2
ICV26,C(=C/1\C(=NN(C1=O)C2=CC=C(C(C)C)C=C2)C3=CC=CC=C3)\C=4OC(=CC4)C5=C(C(O)=O)C=CC(Cl)=C5
ICV98,CC(N[C@@H](C)C(N[C@H](C(N[C@@H](CC1CCCCC1)C(N[C@H](C=O)CC2=CN=CN2)=O)=O)C(C)C)=O)=O
ICV314,O=C(NCC=1C=CC=C(OC)C1)C2CCN(CC3=CC=CC=4C=CC=CC43)CC2
ICV253,O=C(C1=C(N2)C=CC(S(=O)(N3CCCCC3)=O)=C1)C2=O
ICV349,S=C1N=CNC=2N=CNC12
ICV785,N(CC=C)C1=C2C(=O)C(=CC1=O)NC(=O)\C(\C)=C\C=C/[C@H](OC)[C@@H](OC(N)=O)\C(\C)=C\[C@H](C)[C@@H](O)[C@@H](OC)C[C@H](C)C2
ICV125,C(CC1=CC=CC=C1)(NC([C@@H](NC(OCC2=CC=CC=C2)=O)CC(C)C)=O)C(C(F)(F)F)=O
ICV223,O=C(CN1C2=CC=CC=C2N=N1)N(C(C=C3)=CC=C3NC(C(C)C)=O)C(C4=CSC=C4)C(NC(C)(C)C)=O
ICV687,N#CNC(=NCCSCC=1NC=NC1C)NC
ICV318,[C@@H](C)(C1=CC2=C(C=C1)C=CC=C2)N3CCC(C(NCC4=CC(OC)=CC=C4)=O)CC3
ICV322,O=C(NCC1=CC=C2OCOC2=C1)C3CCN(CC3)C(C4=CC=CC=5C=CC=CC54)CC
ICV354,[C@H](C)(C=1C2=C(C=CC1)C=CC=C2)N3CCC(C(NCC=4C=C5C(=CC4)OCO5)=O)CC3
ICV420,O(C=1C2=CC3=CC1OC=4C(Cl)=CC(=CC4)[C@@H](O)[C@@H](NC([C@@H](CC(C)C)NC)=O)C(=O)N[C@@H](CC(N)=O)C(=O)N[C@]3(C(=O)N[C@@]5(C=6C=C(C=7C([C@@H](C(O)=O)NC(=O)[C@]([C@H](O)C=8C=C(Cl)C(O2)=CC8)(NC5=O)[H])=CC(O)=C(CNCP(=O)(O)O)C7O)C(O)=CC6)[H])[H])[C@H]9[C@H](O[C@H]%10C[C@@](NCCNCCCCCCCCCC)(C)[C@H](O)[C@H](C)O%10)[C@@H](O)[C@H](O)[C@@H](CO)O9
ICV408,OC(COC1=CC=CC(OCC(O)CN2CCCCC2)=C1)CN3CCCCC3
ICV141,O=C(C1=O)C2=C(C=CC(S(=O)(N3CCOCC3)=O)=C2)N1CC4=CC5=C(C=CC=C5)C=C4
ICV124,O=C(C1=NC2=CC=CC=C2S1)[C@H](C[C@H]3C(NCC3)=O)NC([C@H](CC(C)C)NC(C4=CNC5=C4C=CC=C5)=O)=O
ICV59,C(=C/C(N[C@@H](CC1=CC=CC=C1)C(N[C@@H](CC2=CC=CC=C2)/C=C/C(OCC)=O)=O)=O)\C=3C=C4C(=CC3)OCO4
ICV433,C([C@]1(O[C@@H](COC2=CC=C(C=C2)N3CCN(C(C)C)CC3)CO1)C4=C(Cl)C=C(Cl)C=C4)N5C=NC=N5
ICV22,[C@H](CC1C(=O)NCC1)(C(C(NC(C)C)=O)=O)NC([C@@H](NC(OCC2=CC=CC=C2)=O)CC(C)C)=O
ICV346,O=C(C1CCN([C@@H](C2=C3C=CC=CC3=CC=C2)C)CC1)NCC4=CC(OC)=NC=C4
ICV109,O=C(C1=NC2=CC=CC=C2S1)[C@H](C[C@H]3C(NCC3)=O)NC([C@H](CC(C)C)NC(C4=CC=CN4)=O)=O
ICV317,[C@@H](C)(C=1C2=C(C=CC1)C=CC=C2)N3CCC(C(NCC4=CC=C(OC)C=C4)=O)CC3
ICV373,C(C=C(C)C)C1=C(C=C2C(=C1O)OC(C)(C)C=C2)[C@H]3OC=4C(CC3)=CC=C(O)C4
ICV66,[C@H](CC1=CC=CC=C1)([C@H](C[C@H](CC2=CC=CC=C2)NC(COC3=C(C)C=CC=C3C)=O)O)NC([C@@H](NC(/C=C/C4=CC=C(OC)C=C4)=O)CC(C)C)=O
ICV196,O=C1C(=O)N(C2=CC=C(I)C=C12)CC=3SC(=CC3)C(=O)N4CCCCC4
ICV353,[C@@H](NC(=O)C1=CC(CN)=CC=C1C)(C)C=2C3=C(C=CC2)C=CC=C3
ICV73,O=C(OCCC=1C=CC=CC1)C2=C(NC3CCCC(=O)C3C2C=4C=CC=CC4N(=O)=O)C
ICV369,C(/C=C/C1=CC=C(O)C=C1)(=O)C=2C=C3C(OC(C)(C)C=C3)=CC2O
ICV643,[C@@H](C[C@H]1C(=O)NCC1)(NC([C@H](CC2CCCCC2)NC(OC3CCC(F)(F)CC3)=O)=O)C(S(=O)(=O)O)O
ICV10,C(=O)(N1[C@H](CN[C@@H](CC2=CN=CN2)C=O)C[C@@]3([C@@](C1)(CCCC3)[H])[H])C4=CC=C(Br)C=C4
ICV742,C(NC(CC1CCC1)C(C(N)=O)=O)(=O)[C@@H]2[C@@]3([C@@](C3(C)C)(CN2C([C@@H](NC(NC(C)(C)C)=O)C(C)(C)C)=O)[H])[H]
ICV263,O=C(C1=C(N2CC3=CC=CC=C3)C=CC(S(=O)(N4CC(C)CC(C)C4)=O)=C1)C2=O
ICV327,[C@@H](C)(C=1C2=C(C=CC1)C=CC=C2)N3CCC(C(N[C@H](COC)C4=CC=CC=C4)=O)CC3
ICV178,O=C(OC=1C=NC=C(Cl)C1)C=2SC=CC2
ICV631,O=C(OCC1CCC(F)(F)CC1)N[C@@H](CC(C)C)C(N[C@H](C=O)C[C@H]2C(NCC2)=O)=O
ICV688,N(C(C)C)C=1N(C=2C(N1)=CC(Cl)=C(Cl)C2)[C@]3(O[C@@H](CO)[C@H](O)[C@@H]3O)[H]
ICV749,O=C1[C@H](C[C@H](NC([C@H]2N(C(COC3=CC(F)=CC(F)=C3)=O)C[C@@]4([H])[C@]2([H])C4(C)C)=O)C([H])=O)CCN1
ICV81,N(=O)(=O)C1=C2C(C(=O)N(CC([C@H](C[C@H]3C(=O)NCC3)NC([C@@H](NC([C@@H](NC([C@@H](NC(C)=O)[C@@H](C)C)=O)[C@@H](C)O)=O)CC(C)C)=O)=O)NC2=O)=CC=C1
ICV307,[C@@H](NC(=O)C1=CC=C(N)C=C1)(C)C=2C3=C(C=CC2)C=CC=C3
ICV160,N#CC1=CC=C(C=C1)N2N=C(C=3C=CC=CC3)C(=CC4=CC=C(C=C4)C(=O)O)C2=O
ICV266,O=C1NC(=O)N(C=C1F)C(=O)NCCCCCC
ICV724,C([C@H]1C[C@]2(C=3C(=CC(OC)=C(OC)C3)CCN2C[C@@H]1CC)[H])[C@@H]4C=5C(=CC(OC)=C(OC)C5)CCN4
ICV440,C(OC)(=O)[C@H]1[C@]2(C[C@@]3(C4=C(C=5C(N4)=CC(OC)=CC5)CCN3C[C@]2(C[C@@H](OC(=O)C6=CC(OC)=C(OC)C(OC)=C6)[C@@H]1OC)[H])[H])[H]
ICV416,[C@H](CC1=CC=CC=C1)(C(N[C@@H](CCC2=CC=CC=C2)C=CS(=O)(=O)C3=CC=CC=C3)=O)NC(=O)N4CCN(C)CC4
ICV88,[C@H](CC1=CC=CC=C1)(C(NC2=C(Cl)C=C(N(=O)=O)C=C2)=O)NC(=O)C3=CC=C(N(C)C)C=C3
ICV337,[C@@H](C)(C=1C2=C(C=CC1)C=CC=C2)N3CCC(C(NCC4=CC(F)=C(F)C=C4)=O)CC3
ICV185,[C@H](CC1=CC=CC=C1)([C@H](C[C@H](CC2=CC=CC=C2)NC(COC3=C(C)C=CC=C3C)=O)O)NC([C@@H](NC(CN4C(=O)CSC4=S)=O)CC(C)C)=O
ICV348,O=C(C1CCN([C@@H](C2=C3C=CC=CC3=CC=C2)C)CC1)NCCC4=CC=CC(F)=C4
ICV628,O=C(OC1CCC(CC1)CCCC)N[C@@H](CC(C)C)C(N[C@H](C(O)S(=O)(O)=O)C[C@H]2C(NCC2)=O)=O
ICV30,C(=C/1\C(=NN(C1=O)C2=CC=C(F)C=C2)C3=CC=CC=C3)\C=4OC(=CC4)C5=C(C(O)=O)C=CC(Cl)=C5
ICV190,O=C1N(C(C(C1=O)=C2)=CC=C2I)CC(C=CC(F)=C3)=C3Cl
ICV775,O=C1[C@H](C[C@H](NC([C@H]2N(C(COC3=C(Cl)C=C(Cl)C=C3)=O)C[C@]([H])(CCC4)[C@@]24[H])=O)C([H])=O)CCN1
ICV222,O=C(CN1C2=CC=CC=C2N=N1)N(C(C=C3)=CC=C3NC(C(C)(C)C)=O)C(C4=CSC=C4)C(NC(C)(C)C)=O
ICV138,O=C1C(=O)N(C2=CC=C(C=C12)S(=O)(=O)N3CCN(CCC=4C=CC=CC4)CC3)CC=5C=CC=6C=CC=CC6C5
ICV64,C(N[C@H](C(N[C@@H](CC1=CC=CC=C1)[C@H](C[C@H](CC2=CC=CC=C2)NC(COC3=C(C)C=CC=C3C)=O)O)=O)CC(C)C)(=O)C4=CC=5C(N4)=CC=CC5
ICV271,[C@H](C(N[C@H](C(NCC1=CC=CC=N1)=O)CCC)=O)(NC(OCC2=CC=CC=C2)=O)CC(C)C
ICV401,O[C@H]1[C@@](O[C@H](CO)[C@H]1O)(N2N=C(C(N)=O)N=C2)[H]
ICV61,C(C(N[C@H](C(N[C@@H](CC1=CC=CC=C1)[C@H](C[C@H](CC2=CC=CC=C2)NC(COC3=C(C)C=CC=C3C)=O)O)=O)CC(C)C)=O)C4=CC5=C(C=C4)C=CC=C5
ICV282,OC1=C2C(O[C@@H](CC2=O)C3=CC(O)=C(OC)C=C3)=CC(O)=C1C/C=C(/CCC=C(C)C)\C
ICV277,OC1=C2C(=CC3=C1CCC(CCCC(C)(C)O)(C)O3)O[C@@](CC2=O)(C4=CC(OC)=C(OC)C(O)=C4)[H]
ICV362,O=C1C=2C(C3=C(C1=O)C(C)=CO3)=CC=C4C2CCC[C@@]4(C(OC)=O)C
ICV328,[C@@H](C)(C=1C2=C(C=CC1)C=CC=C2)N3CCC(C(N[C@@H](COC)C4=CC=CC=C4)=O)CC3
ICV430,CN(C)C(C)CN1C2=C(C=CC=C2)SC3=C1C=CC=C3
ICV791,C(\CN1C=CN=C1)(=N\OCC2=C(Cl)C=C(Cl)C=C2)/C3=C(Cl)C=C(Cl)C=C3
ICV3,[C@@H](CC1=CC=CC=C1)(NC([C@@H](NC([C@@H](NC(OC(C)(C)C)=O)CO)=O)[C@@H](C)C)=O)C(N[C@@H](C[C@H]2C(=O)NCC2)/C=C/C(OCC)=O)=O
ICV683,O=C(OCC(=O)NCCCOC1=CC=CC(=C1)CN2CCCCC2)C
ICV380,O=N(=O)C=1C=CC=CC1SCC2=NNC(=S)N2CC=C
ICV97,CC(N[C@@H](CO)C(N[C@@H](C)C(N[C@H](C(N[C@@H](CC(C)C)C(N[C@H](C=O)CC1=CN=CN1)=O)=O)C(C)C)=O)=O)=O
ICV790,O=C(NN1CCCCC1)C2=NN(C3=CC=C(Cl)C=C3Cl)C(C=4C=CC(Cl)=CC4)=C2C
ICV719,NC=1C2=C(N=CC(CC(CC#C)C3=CC=C(C(N[C@@H](CCC(O)=O)C(O)=O)=O)C=C3)=N2)N=C(N)N1
ICV297,O=C1C=2C(C3=C(C1=O)[C@@H](C)CO3)=CC=C4C2CCCC4(C)C
ICV335,[C@@H](C)(C=1C2=C(C=CC1)C=CC=C2)N3CCC(C(NCC4=CC(Cl)=CC=C4)=O)CC3
ICV663,[C@H](C(N[C@H](C(N[C@@H](C[C@H]1C(=O)NCC1)/C=C/C(C)=O)=O)CC(C)C)=O)(NC(OCC2=CC=CC=C2)=O)CNC(C(C)(C)C)=O
ICV44,N#CC=1C(I)=CC=CC1SC=2N=C(N=C(N2)OC)OC
ICV211,CC(O[Hg]C1=CC=CC=C1)=O
ICV750,O=C1[C@H](C[C@H](NC([C@H]2N(C(COC3=CC(F)=C(F)C=C3)=O)C[C@@]4([H])[C@]2([H])C4(C)C)=O)C([H])=O)CCN1
ICV92,[C@H](CC1=CC=CC=C1)(C(NC2=C(Cl)C=C(N(=O)=O)C=C2)=O)NC([C@@H](NC([C@@H](NC(=O)C3=CC=CC=C3)[C@@H](C)C)=O)CC(C)C)=O
ICV302,[C@@H](NC(=O)C1=C(OC)C=CC=C1)(C)C2=CC3=C(C=C2)C=CC=C3
ICV762,O=C1[C@H](C[C@H](NC([C@H]2N(C(C3=NN4C(C=CC=C4)=C3)=O)C[C@]([H])(CCC5)[C@@]25[H])=O)C([H])=O)CCN1
ICV331,[C@@H](C)(C=1C2=C(C=CC1)C=CC=C2)N3CCC(C(NCC4=CC(C(NC)=O)=CC=C4)=O)CC3
ICV316,[C@@H](C)(C=1C2=C(C=CC1)C=CC=C2)N3CCC(C(NCC4=CC(OC)=CC=C4)=O)CC3
ICV377,C(/C=C/C1=CC=C(O)C=C1)(=O)C2=C(O)C=C(O)C=C2
ICV115,O=C(C1=NC2=CC=CC=C2S1)[C@H](C[C@H]3C(NCC3)=O)NC([C@H](CC(C)C)NC(C4=CC(C(OC(C)C)=CC=C5)=C5N4)=O)=O
ICV291,O=C(C=CC1=CC=C(O)C(O)=C1)C=C(O)C=CC2=CC=C(O)C(O)=C2
ICV43,N#CC1=CC(F)=CC=C1SC=2N=C(N=C(N2)OC)OC
ICV634,C([C@H](NC([C@@H](NC(OC1CCC(C(C)C)CC1)=O)CC(C)C)=O)C=O)[C@@H]2CCNC2=O
ICV729,OC1=CC(=CC(O)=C1O)C(=O)OC1=C(O)C(O)=CC(=C1)C(=O)OC[C@H]1OC(OC(=O)C2=CC(OC(=O)C3=CC(O)=C(O)C(O)=C3)=C(O)C(O)=C2)[C@H](OC(=O)C2=CC(OC(=O)C3=CC(O)=C(O)C(O)=C3)=C(O)C(O)=C2)[C@@H](OC(=O)C2=CC(OC(=O)C3=CC(O)=C(O)C(O)=C3)=C(O)C(O)=C2)[C@@H]1OC(=O)C1=CC(OC(=O)C2=CC(O)=C(O)C(O)=C2)=C(O)C(O)=C1
ICV258,O=C(C1=C(N2C)C=CC(S(=O)(N3CCN(C)CC3)=O)=C1)C2=O
ICV49,[C@@H](CC1=CC=CC=C1)(NC([C@@H](NC(OCC2=CC=CC=C2)=O)[C@@H](C)C)=O)C(N[C@@H](C[C@H]3C(=O)NCC3)/C=C/C(OCC)=O)=O
ICV339,[C@@H](C)(C=1C2=C(C=CC1)C=CC=C2)N3CCC(C(NCC4=CC(F)=CC=C4)=O)CC3
ICV83,O=C1C=2C(C(=O)NN1CC([C@H](C[C@H]3C(=O)NCC3)NC([C@@H](NC([C@@H](NC([C@@H](NC(C)=O)[C@@H](C)C)=O)[C@@H](C)O)=O)CC(C)C)=O)=O)=CC=CC2
ICV184,C(N[C@H](C(N[C@@H](CC1=CC=CC=C1)[C@H](C[C@H](CC2=CC=CC=C2)NC(COC3=C(C)C=CC=C3C)=O)O)=O)CC(C)C)(=O)C=4C=5C(OCC4)=CC=C(Cl)C5
ICV171,O=C(ON1N=NC=2C=CC=CC21)C3=CC=4C=CC=CC4N3
ICV488,O=C(N(C)C)C(C=1C=CC=CC1)(C=2C=CC=CC2)CCN3CCC(O)(C4=CC=C(Cl)C=C4)CC3
ICV117,O=C(C1=NC2=CC=CC=C2S1)[C@H](C[C@H]3C(NCC3)=O)NC([C@H](CC(C)C)NC(C4=CC(C(O)=CC=C5)=C5N4)=O)=O
ICV387,S=C1NNC(=NNC2=CC=C(I)C=C2)N1NC3C=CCC3
ICV104,[C@H](NC([C@@H](NC([C@@H](NC(OCC1=CC=CC=C1)=O)[C@@H](C)C)=O)CC(C)C)=O)(CCC(=O)N2CCOCC2)C(C(F)(F)F)=O
ICV342,O=C(NCC=1C=CC=C(F)C1)C2CCN(CC2)C(C3=CC=CC=4C=NC=CC43)C
ICV286,C(C[C@@H](CC(CCC1=CC(O)=C(O)C=C1)=O)O)C2=CC(O)=C(O)C=C2
ICV180,N1=C2N=C(SC2=CC=3SC(=NC13)N)N
ICV229,O=C(N(C1=CC=C(C(C=CC=N2)=C2OC)C=C1)CC3=CSC=C3)CN4C5=CC=CC=C5N=N4
ICV372,C(C=C(C)C)C1=C(C=C(CC=C(C)C)C(O)=C1O)[C@]2(OC=3C(CC2)=CC=C(O)C3)[H]
ICV764,O=C1[C@H](C[C@H](NC([C@H]2N(C(/C=C/C3=CC=C(OC)C=C3OC)=O)C[C@]([H])(CCC4)[C@@]24[H])=O)C([H])=O)CCN1
ICV304,[C@@H](NC(=O)C1=C(C)C=CC=C1C)(C)C2=CC3=C(C=C2)C=CC=C3
ICV206,OC1=C(/C=N/C2=CC=C(C([O-])=O)C=C2)C3=C(OC4C3CCCC4)C=C1
ICV300,[C@@H](NC(=O)C1=C(C)C=CC=C1)(C)C2=CC3=C(C=C2)C=CC=C3
ICV393,O=C1C(C(OC(C(C=C2O)=CC(O)=C2O)=C1O)=CC(O)=C3)=C3O
ICV385,S=C1NNC(=NNC2=CC=C(Br)C=C2)N1NC3C=CCC3
ICV121,O=C(C1=NC2=CC=CC=C2S1)[C@H](C[C@H]3C(NCC3)=O)NC([C@H](CC(C)C)NC(C4=NC5=C(C=CC=C5)S4)=O)=O
ICV33,C(=C\1/C(=NN(C1=O)C2=CC=C(C(C)(C)C)C=C2)C3=CC=CC=C3)\C=4OC(=CC4)C5=C(C(O)=O)C=CC=C5
ICV421,[C@H]([C@@H](C/C=C/C)C)(O)[C@@]1(N(C)C(=O)[C@H]([C@@H](C)C)N(C)C(=O)[C@H](CC(C)C)N(C)C(=O)[C@H](CC(C)C)N(C)C(=O)[C@@H](C)NC(=O)[C@H](C)NC(=O)[C@H](CC(C)C)N(C)C(=O)[C@H]([C@@H](C)C)NC(=O)[C@H](CC(C)C)N(C)C(=O)CN(C)C(=O)[C@H](CC)NC1=O)[H]
ICV632,O=C(OCC1CCC(F)(CC1)F)N[C@@H](CC(C)C)C(N[C@H](C(O)S(=O)(O)=O)C[C@H]2C(NCC2)=O)=O
ICV721,C([C@@H](NC(OC)=O)C(C)C)(=O)N1[C@@H](CCC1)C=2NC(=CN2)C3=CC=C(C=C3)C4=CC=C(C=C4)C=5NC(=NC5)[C@H]6N(C([C@@H](NC(OC)=O)C(C)C)=O)CCC6
ICV68,O=C(C=CC=1C=CC=CC1)NC=2C=CC=CC2SCCCN(C)C
ICV379,O=C1C(O)=C(OC=2C=C(O)C=C(O)C12)C=3C=CC(O)=C(O)C3
ICV134,N#CC1=CC=C2C(=C1)C(=O)C(=O)N2CC=3C(=NOC3C)C
ICV193,O=C1C(C(N(C1=O)CC2=CC3=CC=CC=C3S2)=CC=C4)=C4Cl
ICV129,O=C(C1=CC=C(OCC(=O)NC(C)(C)C)C(Cl)=C1Cl)C(=C)CC
ICV240,O=C(C1=C(N2)C=CC(Br)=C1)C2=O
ICV391,OC1=CC=C(C=C1OC)C23OC4(O)CC(O)(O2)CC(O)(O3)C4
ICV183,[C@H](CC1=CC=CC=C1)([C@H](C[C@H](CC2=CC=CC=C2)NC(COC3=C(C)C=CC=C3C)=O)O)NC([C@@H](NC(=O)C=4OC(N(=O)=O)=CC4)CC(C)C)=O
ICV247,O=C(C1=C(N2)C=CC(S(=O)(N3CCN(C)CC3)=O)=C1)C2=O
ICV296,[C@@H](NC(=O)C1=CC(C)=CC=C1)(C)C2=CC3=C(C=C2)C=CC=C3
ICV693,O[C@H]1[C@]2(O[C@@]3(O[C@]([C@H](C([C@H]([C@H]([C@H](C)[C@@]4(O[C@@]([C@H](C(O)=O)CC)(CC[C@@H]4C)[H])[H])O)C)=O)CC)([C@@H](C)C[C@H]3C)[H])C=C1)O[C@@](C)(CC2)[C@@]5(O[C@@H](C)[C@](CC)(O)CC5)[H]
ICV800,O([C@@H](CCNC)C1=CC=CS1)C=2C3=C(C=CC2)C=CC=C3
ICV639,[C@@H](C[C@H]1C(=O)NCC1)(NC([C@@H](NC(OC2CCC(CC)CC2)=O)CC(C)C)=O)C(S(=O)(=O)O)O
ICV666,[C@@H](C[C@H]1C(=O)NCC1)(NC([C@@H](NC([C@@H](NC([C@@H](NC(=O)C=2C=COC2)[C@@H](C)C)=O)C(C)C)=O)CC(C)C)=O)/C=C/C(OCC)=O
ICV374,OC1=CC=C2C(OC(C3=CC4=C(OC(C)(C)C(O)C4O)C(O)=C3CC=C(C)C)CC2)=C1
ICV225,O=C(CN1C2=CC=CC=C2N=N1)N(C(C=C3)=CC=C3N[S](C)(=O)=O)C(C4=CSC=C4)C(NC(C)(C)C)=O
ICV147,O=C1C=C(OC2=CC(OC)=CC(O)=C12)C=3C=CC(OC)=C(C3)C4=C(O)C=C(O)C=5C(=O)C=C(OC54)C=6C=CC(OC)=CC6
ICV221,O=C(CN1C2=CC=CC=C2N=N1)N(C(C=C3)=CC=C3NC(C4CCC4)=O)C(C5=CSC=C5)C(NC(C)(C)C)=O
ICV244,O=C(C1=C(N2)C=CC([N+]([O-])=O)=C1)C2=O
ICV167,O=C(NC(=N)N)C1=NC(Cl)=C(N=C1N)N2CCCCCC2
ICV203,O=C(NCCCN(C)C)/C(NC(C(C=C1)=CC=C1C)=O)=C/C2=CC=C(C3=CC([N+]([O-])=O)=CC=C3)O2
ICV29,C(=C/1\C(=NN(C1=O)C2=CC=CC=C2)C3=CC=CC=C3)\C=4OC(=CC4)C5=C(C(O)=O)C=CC(Cl)=C5
ICV292,O=C(C=C(O)CCC1=CC=C(O)C(O)=C1)CCC2=CC=C(O)C(O)=C2
ICV771,O=C1[C@H](C[C@H](NC([C@H]2N(C(C(C)OC3=CC=C(OC)C=C3)=O)C[C@]([H])(CCC4)[C@@]24[H])=O)C([H])=O)CCN1
ICV133,O=C1C(=O)N(C=2C1=CC=CC2N(=O)=O)CC=3SC=4C=CC=CC4C3
ICV761,O=C1[C@H](C[C@H](NC([C@H]2N(C(C3=CC(C=CC=C4)=C4N3)=O)C[C@]([H])(CCC5)[C@@]25[H])=O)C([H])=O)CCN1
ICV143,O=C(C1=O)C2=C(C=CC(S(=O)(N3CC(C)CC(C)C3)=O)=C2)N1CC4=CC5=C(C=CC=C5)C=C4
ICV164,ClC=1C=C(Cl)C(O)=C(C1Cl)CC=2C(Cl)=C(Cl)C=C(Cl)C2O
ICV344,[C@@H](C)(C=1C2=C(C=CC1)C=CC=C2)N3CCC(C(NCC=4C=CC=NC4)=O)CC3
ICV89,[C@H](CC1=CC=CC=C1)(C(NC2=C(Cl)C=C(N(=O)=O)C=C2)=O)NC(=O)C3=CC(N)=C(N)C=C3
ICV162,N#CC=1C(=O)N=C(SCC2=CC=C(C=C2)N(=O)=O)NC1C=3C=CC(Cl)=CC3
ICV260,O=C(C1=C(N2C)C=CC(S(=O)(N3CCOCC3)=O)=C1)C2=O
ICV329,[C@@H](C)(C=1C2=C(C=CC1)C=CC=C2)N3CCC(C(NCC4=CC=C(CC)C=C4)=O)CC3
ICV786,O=C1NC=2C=CC=CC2N1C3CCN(CCCC(C4=CC=C(F)C=C4)C5=CC=C(F)C=C5)CC3
ICV312,[C@@H](NC(=O)C1=CC(CNC(OC(C)(C)C)=O)=CC=C1C)(C)C=2C3=C(C=CC2)C=CC=C3
ICV153,C(O)(=O)[C@]12[C@@]([C@@]3([C@@](C)(CC1)[C@@]4(C)[C@](CC3)([C@]5(C)[C@@](CC4)(C(C)(C)[C@@H](O)CC5)[H])[H])[H])([C@H](C(C)=C)CC2)[H]
ICV284,OC1=C2C(O[C@@H](CC2=O)C3=CC(O)=C(O)C=C3)=CC(O)=C1C/C=C(/CCC=C(C)C)\C
ICV202,O=C(NCC1=CC=CO1)CSC2=C3C(C(C(CCCC4)=C4C(N5CCOCC5)=N6)=C6S3)=NC=N2
ICV214,[O-][N+]1=C(S[Zn]SC2=CC=CC=[N+]2[O-])C=CC=C1
ICV238,O=C(N(C(C=C1)=CC=C1NC(CCOC)=O)CC2=CSC=C2)CN3C4=CC=CC=C4N=N3
ICV170,O=C(ON1N=NC=2C=CC=CC21)C=3C=CC=4N=CNC4C3
ICV690,O=C(NC=1C=C(C=C(C1)C(F)(F)F)N2C=NC(=C2)C)C3=CC=C(C(=C3)NC=4N=CC=C(N4)C5=CN=CC=C5)C
ICV216,CC1=CC=C(S[Zn]S2)C2=C1
ICV746,O=C1[C@H](C[C@H](NC([C@H]2N(C(C3=CC(C=CC=C4)=C4C=C3)=O)C[C@@]5([H])[C@]2([H])C5(C)C)=O)C([H])=O)CCN1
ICV243,O=C(C1=C(N2)C=CC(F)=C1)C2=O
ICV783,O=C(C=1C=C(C(O)=CC1O)C(C)C)N2CC3=CC=C(C=C3C2)CN4CCN(C)CC4
ICV306,[C@@H](N(C(=O)C1=C(C)C=CC=C1)C)(C)C=2C3=C(C=CC2)C=CC=C3
ICV259,O=C(C1=C(N2CC3=CC=CC=C3)C=CC(S(=O)(N4CCN(C)CC4)=O)=C1)C2=O
ICV442,O(C([C@@](CCCC(C)(C)O)(CC(OC)=O)O)=O)[C@H]1[C@@]2([C@@]3(N(CCC=4C2=CC5=C(C4)OCO5)CCC3)C=C1OC)[H]
ICV37,C(=C\1/C(=NN(C1=O)C2=CC(C(O)=O)=CC=C2)C3=CC=CC=C3)\C4=CC=C(OCC5=CC=CC=C5)C=C4
ICV191,O=C1N(C(C(C1=O)=C2)=CC=C2I)CC3OC4=CC=CC=C4OC3
ICV366,S=C(SSC(=S)N(CC)CC)N(CC)CC
ICV87,O=C1C=2C(C(=O)NN1CC([C@@H](NC([C@@H](NC([C@@H](NC([C@@H](NC(C)=O)[C@@H](C)C)=O)[C@H](OCC3=CC=CC=C3)C)=O)CC(C)C)=O)CCC(N(C)C)=O)=O)=CC=CC2
ICV763,O=C1[C@H](C[C@H](NC([C@H]2N(C(/C=C/C3=CC=CC=C3)=O)C[C@]([H])(CCC4)[C@@]24[H])=O)C([H])=O)CCN1
ICV792,C([C@]1(O[C@@H](COC2=CC=C(C=C2)N3CCN(CC3)C4=CC=C(C=C4)N5C(=O)N(C(CC)C)N=C5)CO1)C6=C(Cl)C=C(Cl)C=C6)N7C=NC=N7
ICV11,C(=O)(N1[C@@H](CN[C@@H](CC2=CN=CN2)C=O)C[C@]3([C@](C1)(CCCC3)[H])[H])C4=CC=C(C=C4)C5=CC=CC=C5
ICV279,OC1=C2C(O[C@@H]([C@@H](O)C2=O)C3=CC(OC)=C(O)C=C3)=CC(O)=C1C/C=C(/CCC=C(C)C)\C
ICV677,OCCN(C=1N=C2C(N=C(N=C2N3CCCCC3)N(CCO)CCO)=C(N1)N4CCCCC4)CCO
ICV640,[C@@H](C[C@H]1C(=O)NCC1)(NC([C@@H](NC(OC2CCC(C(C)C)CC2)=O)CC(C)C)=O)C(S(=O)(=O)O)O
ICV54,[C@@H](CC1=CC=CC=C1)(NC([C@@H](NC(=O)C=2C=C(C)ON2)[C@@H](C)C)=O)C(N[C@@H](CC3=CC=CC=C3)/C=C/C(OCC)=O)=O
ICV310,[C@@H](NC(=O)C1=C(COC)C=CC(N)=C1)(C)C=2C3=C(C=CC2)C=CC=C3
ICV641,[C@@H](C[C@H]1C(=O)NCC1)(NC([C@@H](NC(OCCCC2CCCCC2)=O)CC(C)C)=O)C(S(=O)(=O)O)O
ICV94,[C@H](CC1=CC=CC=C1)(C(NC2=C(Cl)C=C(N(=O)=O)C=C2)=O)NC([C@@H](NC([C@@H](NC(=O)C3=CC=CS3)C(C)C)=O)CC(C)C)=O
ICV732,O=C1N2[C@](C(=O)N(C)[C@@H](CC3=CC=C(OC)C=C3)C(=O)O[C@H](C)[C@H](NC([C@H](N(C(=O)[C@H]4N(C(C(C)=O)=O)CCC4)C)CC(C)C)=O)C(=O)N[C@]([C@H](CC)C)([C@@H](O)CC(=O)O[C@@H](C(C)C)C(=O)[C@H](C)C(=O)N[C@H]1CC(C)C)[H])(CCC2)[H]
ICV743,C(NS(=O)(=O)C1CC1)(=O)[C@]23[C@@](C2)(/C=C\CCCCN(C)C(=O)[C@]4([C@](C(=O)N3)(C[C@@H](OC=5C6=C(N=C(C5)C7=NC(C(C)C)=CS7)C(C)=C(OC)C=C6)C4)[H])[H])[H]
ICV429,ClC1=CC=C(C(N2CCN(CC2)CCOCCO)C3=CC=CC=C3)C=C1.CC(O)=O
ICV359,C[C@H](C1=CC=CC2=C1C=CC=C2)NC(C(C=CC=C3)=C3C)=O
ICV204,O=C(NCC1=CC=CO1)CSC2=NC(C3CCCCC3)=NC4=C2C=CC=C4
ICV754,O=C1[C@H](C[C@H](NC([C@H]2N(C(COC3=CC=C(OC(F)(F)F)C=C3)=O)C[C@@]4([H])[C@]2([H])C4(C)C)=O)C([H])=O)CCN1
ICV398,O=C1N([C@@]2(O[C@H](CO)[C@@H](F)C2)[H])C=C(C)C(=O)N1
ICV740,C(NS(=O)(=O)C1CC1)(=O)[C@]23[C@@](C2)(/C=C\CCCCC[C@H](NC(=O)C=4C=NC(C)=CN4)C(=O)N5[C@](C(=O)N3)(C[C@@H](OC6=C7C(=C8C(=N6)C=CC=C8)C=CC=C7)C5)[H])[H]
ICV793,C(CC1=CC=CC=C1)[C@]2(CCC)CC(O)=C([C@H](CC)C3=CC(NS(=O)(=O)C4=CC=C(C(F)(F)F)C=N4)=CC=C3)C(=O)O2
ICV255,O=C(C1=C(N2)C=CC(S(=O)(N3CCC(C)CC3)=O)=C1)C2=O
ICV395,O=C(N)C1=NC(F)=CNC1=O
ICV326,[C@@H](C)(C=1C2=C(C=CC1)C=CC=C2)N3CCC(C(N[C@@H](C)C4=CC=CC=C4)=O)CC3
ICV748,O=C1[C@H](C[C@H](NC([C@H]2N(C(CCC3=CC(F)=CC=C3)=O)C[C@@]4([H])[C@]2([H])C4(C)C)=O)C([H])=O)CCN1
ICV28,C(=C/1\C(=NN(C1=O)C2=CC(C(O)=O)=CC=C2)C3=CC=CC=C3)\C=4OC(=CC4)C5=C(C(O)=O)C=CC(Cl)=C5
ICV27,C(=C/1\C(=NN(C1=O)C2=CC=CC=C2)C3=CC=CC=C3)\C=4OC(=CC4)C5=C(C(O)=O)C=CC=C5
ICV384,S=C1NNC(=NNC=2C=CC=CC2Br)N1NC3C=CCC3
ICV375,OC1=CC=C(C(O)=C1)CCCC2=CC(O)=C(O)C(=C2CC=C(C)C)CC=C(C)C
ICV250,O=C(C1=C(N2)C=CC(S(=O)(N3CCN(CCC4=CC=CC=C4)CC3)=O)=C1)C2=O
ICV72,O=C(OCCC=1C=CC=CC1)C2=C(NC3=C(C(=O)CCC3)C2C=4C=CC=CC4N(=O)=O)C
ICV736,C=1C=CC2=C(C1)C3C=4C=CC=CC4C2(CCCNC)CC3
ICV4,[C@@H](CC1=CC=CC=C1)(CC([C@@H](NC(=O)C=2C=C(C)ON2)[C@@H](C)C)=O)C(N[C@@H](C[C@H]3C(=O)NCC3)/C=C/C(OCC)=O)=O
ICV52,[C@H](CC1=CC=CC=C1)(C(N[C@@H](CC2=CC=CC=C2)/C=C/C(OCC)=O)=O)CC([C@@H](NC(OCC3=CC=CC=C3)=O)[C@@H](C)C)=O
ICV710,O=C1C(O)=C(OC=2C(O)=C(O)C=C(O)C12)C=3C=CC(O)=CC3
ICV176,O=C(OC=1C=NC=C(Cl)C1)C2=CC=CC=3C=CNC32
ICV704,C(O)(=O)[C@H]1C=2C(O[C@@H]1C3=CC(O)=C(O)C=C3)=C(O)C=CC2/C=C/C(O[C@H](CC4=CC(O)=C(O)C=C4)C(O)=O)=O
ICV145,O(C1=C(OC=2C(C1=O)=C(O)C=C(O)C2)C3=CC(O)=C(O)C=C3)[C@@H]4O[C@H](CO)[C@H](O)[C@H](O)[C@H]4O
ICV245,O=C(C1=C(N2)C=CC(OC)=C1)C2=O
ICV295,[C@@H](NC(=O)C1=C(Cl)C=CC=C1)(C)C2=CC3=C(C=C2)C=CC=C3
ICV71,[C@@H](CC1=CC=CC=C1)(C[C@@H]([C@@H](NC(=O)C=2C=C(C)ON2)C(C)C)O)C(N[C@@H](C[C@H]3C(=O)NCC3)/C=C/C(OCC)=O)=O
ICV394,O=C1C(C(OC(C(C=C2)=CC=C2O)=C1)=CC(O)=C3O)=C3O
ICV157,O=C(NC=1C=CC=CC1Cl)CSC2=NC=CC(=N2)C3=C(SC(C4=NC(=CS4)C)=C3C)SC
ICV285,OC1=C2C(O[C@@H](CC2=O)C3=CC(OC)=C(O)C(OC)=C3)=CC(O)=C1C/C=C(/CCC=C(C)C)\C
ICV301,[C@@H](NC(=O)C1=CC=C(C)C=C1)(C)C2=CC3=C(C=C2)C=CC=C3
ICV720,O([C@@H]1[C@@H](C)[C@H](O[C@H]2C[C@](OC)(C)[C@@H](O)[C@H](C)O2)[C@@H](C)C(=O)O[C@H](CC)[C@@](C)(O)[C@H](O)[C@@H](C)N(C)C[C@H](C)C[C@@]1(C)O)[C@H]3[C@H](O)[C@@H](N(C)C)C[C@@H](C)O3
ICV621,CN1[C@@]2(C=3C(=C4C(=CC3CC1)OCO4)OC=5C=C6[C@@](CC=7C=C(OC=8C=CC(C2)=CC8)C(OC)=CC7)(N(C)CCC6=CC5OC)[H])[H]
ICV351,O=C1C=CC(=O)N1CC
ICV624,O=C(OC1CCCCC1)N[C@@H](CC(C)C)C(N[C@H](C(O)S(=O)(O)=O)C[C@H]2C(NCC2)=O)=O
ICV194,O=C1C2=CC(I)=CC=C2N(C1=O)C/C=C/C3=CC4=CC=CC=C4S3
ICV14,C(=O)(N1[C@H](CN[C@@H](CC2=CN=CN2)C=O)C[C@@]3([C@@](C1)(CCCC3)[H])[H])C4=C(C=CC=C4)C5=CC=CC=C5
ICV298,C(CC(/C=C/CCC1=CC(O)=C(O)C=C1)=O)C2=CC(O)=C(O)C=C2
ICV210,O=C(C1=CC(B(O)O)=CC([N+]([O-])=O)=C1)OCC(C=CC=C2)=C2COC(C3=CC(B(O)O)=CC([N+]([O-])=O)=C3)=O
ICV798,[C@@](OCC[C@@H]1N(C)CCC1)(C)(C2=CC=C(Cl)C=C2)C3=CC=CC=C3
ICV675,O=C(C)N[C@H](C(N[C@@H](CN)C(NCC(NC/C=C/C(OC)=O)=O)=O)=O)CCC1=NC2=CC=CC=C2S1
ICV136,O=C1C(=O)N(C2=CC=C(C=C12)S(=O)(=O)N3CCC(C)CC3)CC=4C=CC=CC4
ICV173,O=C(ON1N=NC=2C=CC=CC21)C=3C=CC=4NC=CC4C3
ICV231,O=C(N(C1=CC=C(C2=CC=CC=C2)C=C1)CC3=CSC=C3)CN4C5=CC=CC=C5N=N4
ICV752,O=C1[C@H](C[C@H](NC([C@H]2N(C(COC3=CC(C(F)(F)F)=CC=C3)=O)C[C@@]4([H])[C@]2([H])C4(C)C)=O)C([H])=O)CCN1
ICV112,O=C(C1=NC2=CC=CC=C2S1)[C@H](C[C@H]3C(NCC3)=O)NC([C@H](CC(C)C)NC(C4=CC(C=C(O)C=C5)=C5N4)=O)=O
ICV84,O=C1C=2C(C(=O)NN1CC([C@H](C[C@H]3C(=O)NCC3)NC([C@@H](NC([C@@H](NC([C@@H](NC(C)=O)[C@@H](C)C)=O)[C@H](OCC4=CC=CC=C4)C)=O)CC(C)C)=O)=O)=CC=CC2
ICV254,O=C(C1=C(N2)C=CC(S(=O)(N3CCOCC3)=O)=C1)C2=O
ICV774,O=C1[C@H](C[C@H](NC([C@H]2N(C(COC3=C(F)C=C(Cl)C=C3)=O)C[C@]([H])(CCC4)[C@@]24[H])=O)C([H])=O)CCN1
ICV664,[C@@H](C[C@H]1C(=O)NCC1)(NC([C@@H](NC([C@@H](NC([C@@H](NC(=O)C=2C=C(C)ON2)C)=O)C(C)C)=O)CC(C)C)=O)/C=C/C(OCC)=O
ICV23,C([C@H](NC([C@@H](NC(OCC1=CC=CC=C1)=O)CC(C)C)=O)C=O)C2C(=O)NCC2
ICV62,[C@H](CC1=CC=CC=C1)([C@H](C[C@H](CC2=CC=CC=C2)NC(COC3=C(C)C=CC=C3C)=O)O)NC([C@@H](NC(=O)C4=CC(C)=CC=C4)CC(C)C)=O
ICV152,O=C1C=C2C(=CC=C3C2(C)CCC4(C)C5CC(=CCC5(C)CCC34C)C)C(=C1O)C
ICV636,O(C(N[C@H](C(N[C@@H](C[C@H]1C(=O)NCC1)C=O)=O)CC(C)C)=O)C2(CC)COCOC2
ICV278,OC1=C2C(=CC3=C1CCC(CCCC(C)(C)O)(C)O3)O[C@@](CC2=O)(C4=CC(OC)=C(O)C(OC)=C4)[H]
ICV146,O=C1C=C(OC2=CC(OC)=CC(O)=C12)C=3C=CC(OC)=C(C3)C4=C(O)C=C(O)C=5C(=O)C=C(OC54)C=6C=CC(O)=CC6
ICV111,O=C(C1=NC2=CC=CC=C2S1)[C@H](C[C@H]3C(NCC3)=O)NC([C@H](CC(C)C)NC(C4=CC(C=C(OC)C=C5)=C5N4)=O)=O
ICV767,O=C1[C@H](C[C@H](NC([C@H]2N(C(CCC3=CC=C(F)C(F)=C3)=O)C[C@]([H])(CCC4)[C@@]24[H])=O)C([H])=O)CCN1
ICV315,[C@@H](C)(C=1C2=C(C=CC1)C=CC=C2)N3CCC(C(NCC4=C(OC)C=CC=C4)=O)CC3
ICV718,O=C1C(=COC=2C1=CC=C(O)C2)C3=CC(C/C=C(/CCC=C(C)C)\C)=C(O)C=C3
ICV357,C[C@H](C1=CC=CC2=C1C=CC=C2)NC(C(C=C3N)=C(C=C3)C)=O
ICV226,O=C(NC(C)(C)C)C(C1=CSC=C1)N(C(C=C2)=CC=C2NC(C)=O)C(CN3C4=CC=CC=C4N=N3)=O
ICV265,O=C1SN(C(=O)N1CC=2C=CC=CC2)C3=CC=CC=4C=CC=CC43
ICV106,O(C)C1=C2C(NC(C(N[C@H](C(N[C@H](C(=O)C3=NC=4C(S3)=CC=CC4)C[C@H]5C(=O)NCC5)=O)CC(C)C)=O)=C2)=CC=C1
ICV739,C(N[C@H](C(C(NC1CC1)=O)=O)CCC)(=O)[C@@H]2[C@@]3([C@](CN2C([C@@H](NC([C@@H](NC(=O)C=4C=NC=CN4)C5CCCCC5)=O)[C@@](C)(C)C)=O)(CCC3)[H])[H]
ICV799,S1C=2C=CC=CC2C(C=3C=CC=CC13)CC4CN(C)CCC4
ICV251,O=C(C1=C(N2)C=CC(S(=O)(N3CCN(C(C4=CC=CO4)=O)CC3)=O)=C1)C2=O
ICV667,[C@H](C(N[C@@H](C[C@H]1C(=O)NCC1)/C=C/C(OCC)=O)=O)(NC([C@@H](NC(OC(C)(C)C)=O)[C@@H](C)C)=O)C2=CC=CC=C2
ICV670,O=C(SC1=NN=C(N1)C(F)(F)F)C=2OC(C#CC=3C=CC=CC3)=CC2
ICV434,NC(C)C12CC3CC(CC(C3)C1)C2
ICV406,NCCNCCN1CC1
ICV12,C(=O)(N1[C@@H](CN[C@@H](CC2=CN=CN2)C=O)C[C@]3([C@](C1)(CCCC3)[H])[H])C4=CC=C(Br)C=C4
ICV127,CC(C(C(F)(F)F)=O)NC([C@H](CC(C)C)NC(OC(C)(C)C)=O)=O
ICV236,O=C(N(C(C=C1)=CC=C1NC(C2CCC2)=O)CC3=CSC=C3)CN4C5=CC=CC=C5N=N4
ICV741,N(C(=O)[C@H]1N(C([C@@H](NC(OC(C)(C)C)=O)[C@@](C)(C)C)=O)C[C@H](OC=2C3=C(C(OC)=CN2)C=CC(Cl)=C3)C1)[C@@]4(C(NS(=O)(=O)C5CC5)=O)[C@H](C=C)C4
ICV789,ClC1=CC=C(C(Cl)=C1)C(OCC2=CSC=3C(Cl)=CC=CC32)CN4C=NC=C4
ICV149,C[C@@]12[C@](C)([C@]3([C@@](C)(CC1)CC[C@](C(O)=O)(C)C3)[H])CC[C@]4(C)C2=CC=C5C4=CC(=O)C(O)=C5C
ICV715,C(/C=C/C1=CC=C(O)C=C1)(=O)C2=C(O)C(CC=C(C)C)=C(O)C=C2
ICV212,O=C1O[Hg+2](CC)SC2=CC=CC=C12
ICV759,O=C1[C@H](C[C@H](NC([C@H]2N(C(COC3=C(Cl)C=C(Cl)C=C3)=O)C[C@@]4([H])[C@]2([H])C4(C)C)=O)C([H])=O)CCN1
ICV712,O=C1C=2C(OC(=C1)C3=CC=C(O)C=C3)=CC(O[C@H]4[C@H](O[C@]5([C@H](O)[C@H](O)[C@@H](O)[C@H](C)O5)[H])[C@@H](O)[C@H](O)[C@@H](CO)O4)=CC2O
ICV38,O=C(NCC1)[C@@H]1C[C@@H](C(O)S(=O)(O)=O)NC([C@H](CC(C)C)NC(OC2(CCN(CC2)C(OC(C)(C)C)=O)CC3=CC=CC=C3)=O)=O
ICV367,C(/C=C/C1=CC=C(O)C=C1)(=O)C2=CC(CC=C(C)C)=C(O)C=C2O
ICV358,C[C@H](C1=CC=CC2=C1C=CC=C2)NC(C3=CC(NC(C)=O)=CC=C3C)=O
ICV755,O=C1[C@H](C[C@H](NC([C@H]2N(C(COC3=CC(Br)=C(Cl)C=C3)=O)C[C@@]4([H])[C@]2([H])C4(C)C)=O)C([H])=O)CCN1
ICV19,[C@@H](C(N[C@@H](CC1=CC=CC=C1)C[C@@H]([C@H](CC2=CC=CC=C2)NC(COC3=C(C)C=CC=C3C)=O)O)=O)(C(C)C)N4C(=O)NCCC4
ICV334,[C@@H](C)(C=1C2=C(C=CC1)C=CC=C2)N3CCC(C(NCC4=CC(CNC(C)=O)=CC=C4)=O)CC3
ICV333,[C@@H](C)(C=1C2=C(C=CC1)C=CC=C2)N3CCC(C(NCC4=CC(NC(C)=O)=CC=C4)=O)CC3
ICV735,O=C(OC)C1=C(NC(=C(C(=O)OCCN2CCN(CC2)C(C=3C=CC=CC3)C=4C=CC=CC4)C1C=5C=CC=C(C5)N(=O)=O)C)C
ICV237,O=C(N(C(C=C1)=CC=C1NC(C2CC2)=O)CC3=CSC=C3)CN4C5=CC=CC=C5N=N4
ICV179,O=C(OC)C=1OC2=NC(=CC(O)=C2C1)C(F)(F)F
ICV39,O=C(NCC1)[C@@H]1C[C@@H](C(O)S(=O)(O)=O)NC([C@H](CC(C)C)NC(OC2CCN(CC2)C(OC(C)(C)C)=O)=O)=O
ICV638,C(OC(N[C@H](C(N[C@@H](C[C@H]1C(=O)NCC1)C=O)=O)CC(C)C)=O)C2CC(F)(F)C2
ICV90,[C@H](CC1=CC=CC=C1)(C(NC2=C(Cl)C=C(N(=O)=O)C=C2)=O)NC(C(CCCCCCCCCCCCCC)Br)=O
ICV31,C(=C/1\C(=NN(C1=O)C2=CC=C(F)C=C2)C3=CC=CC=C3)\C=4OC(=CC4)C5=C(C(O)=O)C=CC=C5
ICV257,O=C(C1=C(N2)C=CC(S(=O)(N3CC(C)CC(C)C3)=O)=C1)C2=O
ICV126,O=C(C(F)(F)F)C(CC1=CC=CC=C1)NC([C@H](CC2=CC=CC=C2)NC(OCC3=CC=CC=C3)=O)=O
ICV95,ClC(C=C(C=C1)N(=O)=O)=C1NC([C@@H](NC([C@H](CC2=CC=CC=C2)NC([C@H](C(C)C)NC(C3=CC=CS3)=O)=O)=O)CC4=CC=CC=C4)=O
ICV82,O=C1C=2C(=C(N(=O)=O)C=CC2)C(=O)NN1CC([C@H](C[C@H]3C(=O)NCC3)NC([C@@H](NC([C@@H](NC([C@@H](NC(C)=O)[C@@H](C)C)=O)[C@H](OCC4=CC=CC=C4)C)=O)CC(C)C)=O)=O
ICV189,O=C(C1=C(C=CN2)C2=CC=C1)OC3=CN=CC(Cl)=C3
ICV274,O=C1N=C(C=C(N1S(=O)(=O)C2=CC=C(N)C=C2)C)C
ICV140,O=C1C(=O)N(C2=CC=C(C=C12)S(=O)(=O)N3CCCCC3)CC=4C=CC=5C=CC=CC5C4
ICV280,OC1=C2C(O[C@@H]([C@@H](O)C2=O)C3=CC(O)=C(OC)C=C3)=CC(O)=C1C/C=C(/CCC=C(C)C)\C
ICV130,O=C(C(CC)=C)C1=CC=C(C(Cl)=C1Cl)OCC(NC(C)(C(N)=O)C)=O
ICV381,SC1=NN=C(NN)N1N
ICV662,[C@@H](C[C@H]1C(=O)NCC1)(NC([C@@H](NC([C@H]([C@H](OC(C)(C)C)C)NC(OCC2=CC=CC=C2)=O)=O)CC(C)C)=O)/C=C/C(=O)C3CC3
ICV671,O=C(NC1=CC=C(C=C1)N(C(=O)CN2N=NC=3C=CC=CC32)C(C(=O)NC(C)(C)CC)C4=CC=CN4C)C
ICV135,O=C1C(=O)N(C2=CC=C(I)C=C12)CC=3SC=4C=CC=CC4C3
ICV9,C(=O)(N1[C@H](CN[C@@H](CC2=CN=CN2)C=O)C[C@@]3([C@@](C1)(CCCC3)[H])[H])C4=CC=CC=C4
ICV272,C(N[C@@H](CC1CCCCC1)C(N[C@@H](C[C@H]2C(=O)NCC2)C=O)=O)(=O)C3=CC=4C(N3)=CC=CC4
ICV269,C(NC(CC1CCC1)C(C(N)=O)=O)(=O)[C@@H]2[C@@]3([C@@](C3(C)C)(CN2C([C@@H](NC(NC(C)(C)C)=O)C(C)(C)C)=O)[H])[H]
ICV332,[C@@H](C)(C=1C2=C(C=CC1)C=CC=C2)N3CCC(C(NCC4=CC=C(NC(C)=O)C=C4)=O)CC3
ICV70,[C@@H](CC([C@@H](NC(=O)C=1C=C(C)ON1)[C@@H](C)C)=O)(C(N[C@@H](C[C@H]2C(=O)NCC2)/C=C/C(OCC)=O)=O)CC=C(C)C
ICV708,C(O[C@H](CC1=CC(O)=C(O)C=C1)C(O)=O)(=O)[C@H]2C=3C(O[C@@]2(C4=CC(O)=C(O)C=C4)[H])=C(O)C=CC3/C=C/C(O[C@H](CC5=CC(O)=C(O)C=C5)C(O)=O)=O
ICV118,O=C(C1=NC2=CC=CC=C2S1)[C@H](C[C@H]3C(NCC3)=O)NC([C@H](CC(C)C)NC(C4=C(C)C(C=C(OC)C=C5)=C5N4)=O)=O
ICV165,N(C(C[C@H](OC(CCCCCCCCCCC)=O)CCCCCCCCCCC)=O)[C@@H]1[C@@H](OC(C[C@H](OC(CCCCCCCCCCCCC)=O)CCCCCCCCCCC)=O)[C@H](OP(=O)(O)O)[C@@H](CO)O[C@H]1OC[C@@H]2[C@@H](O)[C@H](OC(C[C@@H](CCCCCCCCCCC)O)=O)[C@@H](NC(C[C@@H](CCCCCCCCCCC)O)=O)[C@@H](O)O2
ICV235,O=C(N(C(C=C1)=CC=C1NC(C2CCCCC2)=O)CC3=CSC=C3)CN4C5=CC=CC=C5N=N4
ICV713,O=C1C=2C(O[C@@H](C1)C3=CC=C(O)C=C3)=CC(OC)=C(CC=C(C)C)C2
ICV217,O=C1C[N+](CC2=O)([Zn](O2)(O1)O3)CC3=O
ICV717,O=C1OC2=CC(O)=C(C=C2C=3OC=4C=C(O)C=CC4C13)CC=C(C)C
ICV228,O=C(N(C1=CC=C(C2=CC=NC=C2)C=C1)CC3=CSC=C3)CN4C5=CC=CC=C5N=N4
ICV620,O=C(O)C1=CC=CC(=C1)C2=NC(=CC=C2C)NC(=O)C3(C4=CC=C5OC(F)(F)OC5=C4)CC3
ICV682,C(OC(COC([C@H](C(C)C)N)=O)CO)N1C2=C(N=C1)C(=O)N=C(N)N2
ICV777,O=C1[C@H](C[C@H](NC([C@H]2N(C(COC3=C(C)C=C(Cl)C=C3)=O)C[C@]([H])(CCC4)[C@@]24[H])=O)C([H])=O)CCN1
ICV287,O([C@@H](CCC1=CC(O)=C(O)C=C1)CC(CCC2=CC(O)=C(O)C=C2)=O)[C@H]3[C@H](O)[C@@H](O)[C@H](O)CO3
ICV309,[C@@H](NC(=O)C1=CC(C#N)=CC=C1C)(C)C=2C3=C(C=CC2)C=CC=C3
ICV168,O=C(ON1N=NC=2C=CC=CC21)C3=CC=C(C=C3)N(C)C
ICV744,C(N[C@H](C(C(NC1CC1)=O)=O)CCCC)(=O)[C@@H]2[C@@]3([C@@](C3(C)C)(CN2C([C@@H](NC(NC4(CS(C(C)(C)C)(=O)=O)CCCCC4)=O)C(C)(C)C)=O)[H])[H]
ICV432,ClC=1C=CC=2C(=NC=CC2NC3=CC=C(O)C(=C3)CN(CC)CC)C1
ICV156,O=C(NC1=CC=C(Cl)C=C1)CSC2=NC=CC(=N2)C3=C(SC(C4=NC(=CS4)C)=C3C)SC
ICV41,C(C1(OC(N[C@H](C(N[C@@H](C[C@@H]2CCNC2=O)C=O)=O)CC(C)C)=O)CCN(C(OC(C)(C)C)=O)CC1)C3=CC=CC=C3
ICV336,[C@@H](C)(C=1C2=C(C=CC1)C=CC=C2)N3CCC(C(NCC4=CC=C(Cl)C=C4)=O)CC3
ICV787,O=C(C1=CC=C(C=C1)C(C)(C)C)CCCN2CCC(OC(C=3C=CC=CC3)C=4C=CC=CC4)CC2
ICV85,N(=O)(=O)C1=C2C(C(=O)N(CC([C@@H](NC([C@@H](NC([C@@H](NC([C@@H](NC(C)=O)[C@@H](C)C)=O)[C@@H](C)O)=O)CC(C)C)=O)CCC(N(C)C)=O)=O)NC2=O)=CC=C1
ICV289,O([C@@H](CCC1=CC(O)=C(O)C=C1)CCCCC2=CC(O)=C(O)C=C2)[C@H]3[C@H](O)[C@@H](O)[C@H](O)CO3
ICV116,O=C(C1=NC2=CC=CC=C2S1)[C@H](C[C@H]3C(NCC3)=O)NC([C@H](CC(C)C)NC(C4=CC(C(OCC(C)C)=CC=C5)=C5N4)=O)=O
ICV283,OC1=C2C(O[C@@H](CC2=O)C3=CC=C(O)C=C3)=CC(O)=C1C/C=C(/CCC=C(C)C)\C
ICV376,OC1=CC=C(C(OC)=C1)CCCC2=CC(O)=C(O)C(=C2CC=C(C)C)CC=C(C)C
ICV199,O=C(C(C=CC(OCC(C)C)=C1)=C1C)C(C(C(C=C2)=CC(OC)=C2O)N(C3=O)CCN(C)C)=C3O
ICV101,CC(N[C@@H]([C@H](C)O)C(N[C@H](C(N[C@@H](CC1CCCCC1)C(N[C@H](C=O)CC2=CN=CN2)=O)=O)C(C)C)=O)=O
ICV67,[C@H](CC1=CC=CC=C1)([C@H](C[C@H](CC2=CC=CC=C2)NC(COC3=C(C)C=CC=C3C)=O)O)NC([C@@H](NC(CCNC(OC(C)(C)C)=O)=O)CC(C)C)=O
ICV55,[C@H](CC1=CC=CC=C1)(C(N[C@@H](CC2=CC=CC=C2)/C=C/C(OCC)=O)=O)NC([C@@H](NC(OCC3=CC=CC=C3)=O)[C@@H](C)C)=O
ICV137,O=C1C(=O)N(C2=CC=C(C=C12)S(=O)(=O)N3CCN(C)CC3)CC=4C=CC=5C=CC=CC5C4
ICV656,O=C(NC1=CC=C(C(=C1)NC2=NC(=CS2)C=3C=NC=CC3)C)C4=CC=C(C=C4)CN5CCN(C)CC5
ICV396,O=C1N=C(N)NC2=C1N=CN2CCC(CO)CO
ICV114,O=C(C1=NC2=CC=CC=C2S1)[C@H](C[C@H]3C(NCC3)=O)NC([C@H](CC(C)C)NC(C4=CC(C=CC(OC)=C5)=C5N4)=O)=O
ICV737,OC=1C=C(O)C2=C(OC(C3=CC=C(O)C(O)=C3)C(OC4(OC=5C=C(O)C=C(O)C5C(O)C4O)C6=CC=C(O)C(O)=C6)C2)C1
ICV733,O=C(C1=CC=C(C=C1)C)C2=CC(O)=C(O)C(=C2)N(=O)=O
ICV386,S=C1NNC(=NNC=2C=CC=CC2I)N1NC3C=CCC3
ICV627,O=C(OC1CCC(CCCC)CC1)N[C@@H](CC(C)C)C(N[C@H](C=O)C[C@H]2C(NCC2)=O)=O
ICV313,O=C(NCC1=CC=C(OC)C=C1)C2CCN(CC3=CC=CC=4C=CC=CC43)CC2
ICV48,[C@@H](CC1=CC=CC=C1)(NC([C@@H](NC(=O)C=2C=C(C)ON2)[C@@H](C)C)=O)C(N[C@@H](C[C@H]3C(=O)NCC3)/C=C/C(OCC)=O)=O
ICV103,[C@@H](NC([C@@H](NC([C@@H](NC([C@@H](NC(C)=O)CO)=O)C)=O)C(C)C)=O)(C(N[C@@H](CCC(N(C)C)=O)C=O)=O)CC(C)C
ICV725,[C@@H](C[C@H]1C(=O)NCC1)(NC([C@@H](NC(OCC2=CC=CC=C2)=O)CC(C)C)=O)C(C(NC3CC3)=O)=O
ICV711,OC1=C2C(=CC(O[C@@H]3O[C@H](CO[C@H]4[C@H](O)[C@H](O)[C@@H](O)[C@H](C)O4)[C@@H](O)[C@H](O)[C@H]3O)=C1OC)OC(=CC2=O)C5=CC=C(OC)C=C5
ICV705,C([C@@H](OC(/C=C/C1=CC(O)=C(O)C=C1)=O)C(O)=O)C2=CC(O)=C(O)C=C2
ICV419,O(C=1C2=CC3=CC1OC=4C(Cl)=CC(=CC4)[C@@H](O)[C@@H](NC([C@@H](CC(C)C)NC)=O)C(=O)N[C@@H](CC(N)=O)C(=O)N[C@]3(C(=O)N[C@@]5(C=6C=C(C=7C([C@@H](C(O)=O)NC(=O)[C@]([C@H](O[C@H]8C[C@](C)(N)[C@@H](O)[C@H](C)O8)C=9C=C(Cl)C(O2)=CC9)(NC5=O)[H])=CC(O)=CC7O)C(O)=CC6)[H])[H])[C@H]%10[C@H](O[C@H]%11C[C@@](NCC%12=CC=C(C=C%12)C%13=CC=C(Cl)C=C%13)(C)[C@@H](O)[C@H](C)O%11)[C@@H](O)[C@H](O)[C@@H](CO)O%10
ICV308,O=C(NC(C1=CC=CC=2C=CC=CC21)(C)C)C3=CC(N)=CC=C3C
ICV734,O(C1=CC(I)=C(O)C(I)=C1)C2=C(I)C=C(C[C@@H](C(O)=O)N)C=C2I
ICV56,[C@H](CC1=CC=CC=C1)(C(N[C@@H](CC2=CC=CC=C2)/C=C/C(OCC)=O)=O)NC(/C=C/C3=CC=C(N(=O)=O)C=C3)=O
ICV426,CC/C(C1=CC=CC=C1)=C(C2=CC=CC=C2)/C3=CC=C(C=C3)OCCN(C)C
ICV753,O=C1[C@H](C[C@H](NC([C@H]2N(C(COC3=CC(F)=C(OC)C=C3)=O)C[C@@]4([H])[C@]2([H])C4(C)C)=O)C([H])=O)CCN1
ICV758,O=C1[C@H](C[C@H](NC([C@H]2N(C(COC3=CC(Cl)=C(Cl)C=C3)=O)C[C@@]4([H])[C@]2([H])C4(C)C)=O)C([H])=O)CCN1
ICV784,O=C1NN=C(C=2C=C(C(O)=CC2O)C(C)C)N1C=3C=CC4=C(C=CN4C)C3
ICV182,O(CC(N[C@H](C(N[C@@H](CC1=CC=CC=C1)[C@H](C[C@H](CC2=CC=CC=C2)NC(COC3=C(C)C=CC=C3C)=O)O)=O)CC(C)C)=O)C4=CC5=C(C=C4)C=CC=C5
ICV36,C(=C\1/C(=NN(C1=O)C2=CC(C(O)=O)=CC=C2)C3=CC=CC=C3)\C4=CC=C(C=C4)C5=CC=CC=C5
ICV232,O=C(N(C(C=C1)=CC=C1NCC2=CC=CC=C2)CC3=CSC=C3)CN4C5=CC=CC=C5N=N4
ICV264,O=C1C=2C=CC=CC2[Se]N1C=3C=CC=CC3
ICV249,O=C(C1=C(N2)C=CC(S(=O)(N3CCN(CC4=CC(OC)=C(OC)C(OC)=C4)CC3)=O)=C1)C2=O
ICV305,[C@@H](NC(=O)C1=CC=C(N)C=C1)(C)C2=CC3=C(C=C2)C=CC=C3
ICV122,O=C(C1=NC2=CC=CC=C2S1)[C@H](C[C@H]3C(NCC3)=O)NC([C@H](CC(C)C)NC(C4NC5=C(C=CC=C5)C4)=O)=O
ICV267,O=C1C=2C(C(=O)C=C1[C@@H](CC=C(C)C)O)=C(O)C=CC2O
ICV751,O=C1[C@H](C[C@H](NC([C@H]2N(C(COC3=CC(OC)=C(OC)C=C3)=O)C[C@@]4([H])[C@]2([H])C4(C)C)=O)C([H])=O)CCN1
ICV325,[C@@H](C)(C=1C2=C(C=CC1)C=CC=C2)N3CCC(C(N[C@H](C)C4=CC=CC=C4)=O)CC3
ICV389,OC=1C(=NC=C(C1C23OC4(O)CC(O)(O2)CC(O)(O3)C4)CO)C
ICV220,O=C(CN1C2=CC=CC=C2N=N1)N(C(C=C3)=CC=C3NC(C4=CC=NO4)=O)C(C5=CSC=C5)C(NC(C)(C)C)=O
ICV201,O=C(N/N=C/C(C=C1OC)=CC(OC)=C1O)/C(NC(C2=CC=CC=C2)=O)=C\C3=CC=CC=C3
ICV299,OC1=C2C(O[C@@]([C@@H](O)C2=O)(C3=CC(OC)=C(O)C=C3)[H])=CC4=C1CCC(CCCC(C)(C)O)(C)O4
ICV378,O=C1C(O)=C(OC=2C=C(O)C=C(O)C12)C=3C=CC(O)=CC3
ICV686,O=C(NS(=O)(=O)C1=CC=C(N)C=C1)C
ICV770,O=C1[C@H](C[C@H](NC([C@H]2N(C(COC3=CC=C(OC)C=C3)=O)C[C@]([H])(CCC4)[C@@]24[H])=O)C([H])=O)CCN1
ICV150,C[C@@]12[C@](C)([C@]3([C@@](C)(CC1)CC[C@](C(OC)=O)(C)C3)[H])CC[C@]4(C)C2=CC=C5C4=CC(=O)C(O)=C5C
ICV343,O=C(NCC=1C=CC=C(F)C1)C2CCN(CC2)C(C3=NC=CC=4C=CC=CC43)C
ICV294,CC(NC(C1=CC=CC=C1C)=O)C2=CC3=C(C=C2)C=CC=C3
ICV338,[C@@H](C)(C=1C2=C(C=CC1)C=CC=C2)N3CCC(C(NCC4=CC=C(F)C=C4)=O)CC3
ICV24,O=C(NCC1)[C@@H]1C[C@@H](C(O)S(=O)(O)=O)NC([C@H](CC(C)C)NC(OCCC2=CC(Cl)=CC=C2)=O)=O
ICV163,O=C(NC1=CC=C(C=C1)NC(=O)C2=CC(=CC(=C2)N(=O)=O)B(O)O)C3=CC(=CC(=C3)N(=O)=O)B(O)O
ICV418,O(C1=C2C([C@@H](C(NCCCN(C)C)=O)NC(=O)[C@@]3([C@H](O)C=4C=C(Cl)C(=CC4)OC=5C=C6[C@](C(=O)N[C@](C=7C=C2C(O)=CC7)(C(=O)N3)[H])(NC(=O)[C@@]8(C=9C=C(OC=%10C=C([C@@H](NC)C(=O)N[C@@](C(=O)N8)(CC=%11C=CC(OC(=C6)C5O[C@H]%12[C@H](NC(CCCCCCCCC(C)C)=O)[C@@H](O)[C@H](O)[C@@H](C(O)=O)O%12)=CC%11)[H])C=CC%10O)C=C(O)C9Cl)[H])[H])[H])=CC(O)=C1)[C@H]%13O[C@H](CO)[C@@H](O)[C@H](O)[C@@H]%13O
ICV139,O=C(C1=O)C2=C(C=CC(S(=O)(N3CCN(C4=CC=CC=N4)CC3)=O)=C2)N1CC5=CC6=C(C=CC=C6)C=C5
ICV321,[C@@H](C)(C=1C2=C(C=CC1)C=CC=C2)N3CCC(C(NCC=4C=C5C(=CC4)OCO5)=O)CC3
ICV795,OC(C=1C=CC=CC1)(CCN2CCCCC2)C3CCCCC3
ICV46,FC(F)(F)C1=NC=2N=CN=C(N)C2N1
ICV155,O=N(=O)C1=CC=C(N=C1S(=O)(=O)C=2C=CC=CC2)OC
ICV207,O=C(C1=CC(B(O)O)=CC([N+]([O-])=O)=C1)OC(C=C2)=CC=C2OC(C3=CC(B(O)O)=CC([N+]([O-])=O)=C3)=O
ICV51,[C@@H](CC1=CC=CC=C1)(CC([C@@H](NC(=O)C=2C=C(C)ON2)[C@@H](C)C)=O)C(N[C@@H](CC3=CC=CC=C3)/C=C/C(OCC)=O)=O
ICV107,C([C@H](C[C@H]1C(=O)NCC1)NC([C@@H](NC([C@@H](NC(COC2=CC(N(C)C)=CC=C2)=O)C(C)C)=O)CC(C)C)=O)(=O)C3=NC=4C(S3)=CC=CC4
ICV86,O=C1C=2C(C(=O)NN1CC([C@@H](NC([C@@H](NC([C@@H](NC([C@@H](NC(C)=O)[C@@H](C)C)=O)[C@@H](C)O)=O)CC(C)C)=O)CCC(N(C)C)=O)=O)=CC=CC2
ICV403,OC1=C2C=3C([C@H](O[C@H]4[C@H](O)[C@@H](O[C@H]5[C@H](O)[C@@H](O)[C@H](O)CO5)[C@@H](NC)[C@@H](C)O4)[C@@H](O)C2=CC6=C1C(=O)C=7C(C6=O)=C(O)C=C(OC)C7)=CC(C)=C(C(N[C@@H](C(O)=O)C)=O)C3O
ICV383,S=C1NNC(=NNC2=CC=C(Cl)C=C2)N1NC3C=CCC3
ICV123,O=C(C1=NC2=CC=CC=C2S1)[C@H](C[C@H]3C(NCC3)=O)NC([C@H](CC(C)C)NC(C4=CC(C=CC=C5)=C5O4)=O)=O
ICV53,[C@H](CC1=CC=C(F)C=C1)(C(N[C@@H](CC2=CC=CC=C2)/C=C/C(OCC)=O)=O)NC([C@@H](NC(OCC3=CC=CC=C3)=O)C(C)C)=O
ICV209,O=C(C1=CC(B(O)O)=CC([N+]([O-])=O)=C1)OC2=CC(OC(C3=CC(B(O)O)=CC([N+]([O-])=O)=C3)=O)=CC=C2
ICV1,O=C(/C=C/[C@@H](NC([C@H](CC(C)C)NC([C@@H](NC([C@@H](NC(OC(C)(C)C)=O)CO)=O)C(C)C)=O)=O)C[C@@H]1CCNC1=O)OCC
ICV16,[C@@H](C(NC1CCCCC1)=O)(COC(=O)C2=CC=CC=C2)NC(/C=C/C3=CC=CC=C3)=O
ICV172,O=C(ON1N=NC=2C=CC=CC21)C=3C=CC=CC3N
ICV730,C[N+]1=CC=C(C(NCC2=CC=CC=C2)=O)C=C1
ICV239,O=C(N(C(C=C1)=CC=C1NC(C(C)(C)C)=O)CC2=CSC=C2)CN3C4=CC=CC=C4N=N3
ICV422,ClC1=CC=C2SC3=C(N(CCCN(C)C)C2=C1)C=CC=C3
ICV288,C(C[C@@H](CCCCC1=CC(O)=C(O)C=C1)O)C2=CC(O)=C(O)C=C2
ICV356,O=C(NC1=NN=C(O1)C=2OC=3C(OCC)=CC=CC3C2)C=4SC=5C=CC=CC5C4Cl
ICV175,O=C(OC=1C=NC=C(Cl)C1)C=2C=CC=3NC=CC3C2
ICV200,O=C(C(SC(C)=N1)=C1C)C(C(C2=CC([N+]([O-])=O)=CC=C2)N(C3=O)CCCN4CCOCC4)=C3O
ICV766,O=C1[C@H](C[C@H](NC([C@H]2N(C(CCC3=CC=CC(F)=C3)=O)C[C@]([H])(CCC4)[C@@]24[H])=O)C([H])=O)CCN1
ICV32,C(=C/1\C(=NN(C1=O)C2=CC=C(C(C)C)C=C2)C3=CC=CC=C3)\C=4OC(=CC4)C5=C(C(O)=O)C=CC=C5
ICV681,O[C@@]12[C@@]([C@@H](O)[C@]3(C(=C1O)C(=O)C=4C([C@@]3(C)O)=CC=CC4O)[H])([C@H](N(C)C)C(O)=C(C(N)=O)C2=O)[H]
ICV50,[C@H](CC1=CC=C(F)C=C1)(C(N[C@@H](CC2=CC=CC=C2)/C=C/C(OCC)=O)=O)CC([C@@H](NC(OCC3=CC=CC=C3)=O)C(C)C)=O
ICV776,O=C1[C@H](C[C@H](NC([C@H]2N(C(COC3=CC(Cl)=C(Cl)C=C3)=O)C[C@]([H])(CCC4)[C@@]24[H])=O)C([H])=O)CCN1
ICV110,O=C(C1=NC2=CC=CC=C2S1)[C@H](C[C@H]3C(NCC3)=O)NC([C@H](CC(C)C)NC(C4=CC(C=CC=C5)=C5N4)=O)=O
ICV7,[C@H](CC1=CC=CC=C1)(C(N[C@@H](C[C@H]2C(=O)NCC2)C=O)=O)NC(/C=C/C3=C(F)C=C(Cl)C=C3)=O
ICV388,O=C(NC1=CC=C(Cl)C(=C1)C2=NC=3C=CC=CC3O2)C=4C=CC=C(OCC=5C=CC=CC5)C4
ICV195,O=C1N(C(C(C1=O)=C2)=CC=C2I)CC(S3)=CC=C3C(NC(C=C4)=CC=C4Cl)=O
ICV360,O=C1C(=O)C2=C(C=CC3=C2CCCC3(C)C)C=4OC=C(C14)C
ICV644,[C@@H](C[C@H]1C(=O)NCC1)(NC([C@@H](NC(OCC2CC(F)(F)C2)=O)CC(C)C)=O)C(S(=O)(=O)O)O
ICV679,CC(C)(O)C(C=CC=C1)=C1CC[C@H](C2=CC(/C=C/C3=NC4=C(C=CC(Cl)=C4)C=C3)=CC=C2)SCC5(CC5)CC(O)=O
ICV45,N#CC1=CC(Br)=CC=C1SC=2N=C(N=C(N2)OC)OC
ICV35,C(=C/1\C(=NN(C1=O)C2=CC=C(OC)C=C2)C3=CC=CC=C3)\C=4OC(=CC4)C5=C(C(O)=O)C=CC=C5
ICV428,O[C@]12[C@]([C@@]([C@@H](C(OC)=O)[C@H]1O)(C3=CC=CC=C3)[H])(OC=4C2=C(OC)C=C(O[C@H]5[C@H](OC)OC[C@]([C@@H](CO)O)(O5)[H])C4)C6=CC=C(OC)C=C6
ICV635,C([C@H](NC([C@@H](NC(OCCCC1CCCCC1)=O)CC(C)C)=O)C=O)[C@H]2C(=O)NCC2
ICV230,O=C(N(C1=CC=C(C2=CN=CC=C2)C=C1)CC3=CSC=C3)CN4C5=CC=CC=C5N=N4
ICV252,O=C(C1=C(N2)C=CC(S(=O)(N3CCN(C4=CC=CC=N4)CC3)=O)=C1)C2=O
ICV270,[C@@H](NC([C@H](CC(C)C)NC(C)=O)=O)(C(N[C@@H](CCSC)C=O)=O)CC(C)C
ICV722,C[C@]1(F)[C@@](O[C@H](COP(OC2=CC=CC=C2)(N[C@H](C(OC(C)C)=O)C)=O)[C@H]1O)(N3C(=O)NC(=O)C=C3)[H]
ICV198,NC1=NC(CSC2=NN=C(C3=CC=CC4=C3C=CC=C4)N2C5CCCCC5)=CS1
ICV352,[C@@H](NC(=O)C1=CC(CNC)=CC=C1C)(C)C=2C3=C(C=CC2)C=CC=C3
ICV21,O=C(NCC1)C1C[C@@H](C(O)S(=O)(O)=O)NC([C@H](CC(C)C)NC(OCC2=CC=CC=C2)=O)=O
ICV188,ClC(C=C1)=CC=C1C2=CC=C(O2)C(CC3=CN=CC(Br)=C3)=O
ICV689,N#CCC1(N2N=CC(=C2)C=3N=CN=C4NC=CC43)CN(C1)S(=O)(=O)CC
ICV34,C(=C/1\C(=NN(C1=O)C2=CC=C(C#N)C=C2)C3=CC=CC=C3)\C=4OC(=CC4)C5=C(C(O)=O)C=CC=C5
ICV75,C(N[C@H](C(SCC)SCC)CC1=CN=CN1)[C@@H]2[C@@H](NC(CNC([C@@H](NC(C)=O)[C@@H](C)O)=O)=O)[C@@]3([C@@](CN2C(=O)C4=CC=C(Br)C=C4)(CCCC3)[H])[H]
ICV290,O([C@@H](CCC1=CC(O)=C(O)C=C1)CCCCC2=CC(O)=C(O)C=C2)[C@@H]3O[C@H](CO)[C@@H](O)[C@H](O)[C@H]3O
ICV102,CC(N[C@@H](CO)C(N[C@@H](C)C(N[C@@H](C(C)C)C(N[C@H](C(N[C@H](C=O)CC1=CN=CN1)=O)CC2CCCCC2)=O)=O)=O)=O
ICV99,CC(N[C@@H](CC(N)=O)C(N[C@H](C(N[C@@H](CC1CCCCC1)C(N[C@H](C=O)CC2=CN=CN2)=O)=O)C(C)C)=O)=O
ICV78,[C@@H](CC1=CC=C(F)C=C1)(CC([C@@H](NC(=O)C=2C=C(C)ON2)C(C)C)=O)C(N[C@@H](CC3=CC=CC=C3)/C=C/C(OCC)=O)=O
ICV13,C(=O)(N1[C@H](CN[C@@H](CC2=CN=CN2)C=O)C[C@@]3([C@@](C1)(CCCC3)[H])[H])C4=CC(=CC=C4)C5=CC=CC=C5
ICV276,OC1=C2C(=CC3=C1CCC(CCCC(C)(C)O)(C)O3)O[C@@H](CC2=O)C4=CC(O)=C(OC)C=C4
ICV382,S=C1NNC(=NNC=2C=CC=CC2Cl)N1NC3C=CCC3
ICV345,[C@@H](C)(C=1C2=C(C=CC1)C=CC=C2)N3CCC(C(NCC=4C=CN=CC4)=O)CC3
ICV256,O=C(C1=C(N2)C=CC(S(=O)(N3CCCCC3C)=O)=C1)C2=O
ICV215,CCN(C(S[Zn]SC(N(C1=CC=CC=C1)CC)=S)=S)C2=CC=CC=C2
ICV131,O=C1C(=O)N(C2=CC=C(F)C=C12)CC=3SC=4C=CC=CC4C3
ICV120,O=C(C1=NC2=CC=CC=C2S1)[C@H](C[C@H]3C(NCC3)=O)NC([C@H](CC(C)C)NC(C4=NC(C=CC=C5)=C5N4)=O)=O
ICV158,O=C(O)C1=CC=C(C=C1)C=C2C(=O)N(N=C2C=3C=CC=CC3)C4=CC=C(F)C=C4
ICV151,C[C@@]12[C@](C)([C@]3([C@@](C)(CC1)CC(=O)[C@H](C)C3)[H])CC[C@]4(C)C2=CC=C5C4=CC(=O)C(O)=C5C
ICV684,O=S(C1=NC=2C=CC(OC)=CC2N1)CC3=NC=C(C(OC)=C3C)C
ICV242,O=C(C1=C(N2)C=CC(Cl)=C1)C2=O
ICV728,O=C(NCC1=CC(OC)=C(OC)C(OC)=C1)C2CCN(CC=3C=CC=CC3)CC2
ICV108,O=C(C1=NC2=CC=CC=C2S1)[C@H](C[C@H]3C(NCC3)=O)NC([C@H](CC(C)C)NC(C4NC(CC4)=O)=O)=O
ICV161,N#CC=1C(=O)N=C(SCC2=CC=C(C=C2)N(=O)=O)NC1C=3C=CC=C(C3)N(=O)=O
ICV673,O(C)C1=C2C(NC(C(N[C@H](C(N[C@@H](C[C@H]3C(=O)NCC3)C(CO)=O)=O)CC(C)C)=O)=C2)=CC=C1
ICV668,O=C1C=2C(C(=O)NN1CC([C@H](C[C@H]3C(=O)NCC3)NC([C@@H](NC([C@H]([C@H](OC4=CC=CC=C4)C)NC([C@@H](NC(C)=O)[C@@H](C)C)=O)=O)CC(C)C)=O)=O)=CC=CC2
ICV788,O(CC(N1CCCC1)CN(C=2C=CC=CC2)CC=3C=CC=CC3)CC(C)C
ICV40,C(OC(C)(C)C)(=O)N1CCC(OC(N[C@H](C(N[C@@H](C[C@@H]2CCNC2=O)C=O)=O)CC(C)C)=O)CC1
ICV57,[C@H](CC1=CC=CC=C1)(C(N[C@@H](CC2=CC=CC=C2)/C=C/C(OCC)=O)=O)NC(/C=C/C3=CC=C(N(C)C)C=C3)=O
ICV93,ClC(C=C(C=C1)N(=O)=O)=C1NC([C@@H](NC([C@H](CC(C)C)NC([C@H](C(C)C)NC(N2CCOCC2)=O)=O)=O)CC3=CC=CC=C3)=O
ICV8,C(=O)(N1[C@H](CN[C@@H](CC2=CN=CN2)C=O)C[C@@]3([C@@](C1)(CCCC3)[H])[H])C4=CC=C(C=C4)C5=CC=CC=C5
ICV637,[C@H](CC1CCCCC1)(C(N[C@@H](C[C@H]2C(=O)NCC2)C=O)=O)NC(OC3CCC(F)(F)CC3)=O
